PassengerId,Survived,Pclass,Sex,SibSp,Parch,Fare,Embarked,Deck,countDeck,Title,port_sex,Age_bin,FamilySize,Ticket_freq,Fare_bin
1,0,3,male,1,0,7,S,U,1014,Mr,623,2,Small,1,low
2,1,1,female,1,0,71,C,C,94,Mrs,113,7,Small,2,superhigh
3,1,3,female,0,0,7,S,U,1014,Miss,293,4,Alone,1,low
4,1,1,female,1,0,53,S,C,94,Mrs,293,6,Small,2,superhigh
5,0,3,male,0,0,8,S,U,1014,Mr,623,6,Alone,1,medium
6,0,3,male,0,0,8,Q,U,1014,Mr,63,7,Alone,1,medium
7,0,1,male,0,0,51,S,E,41,Mr,623,9,Alone,2,superhigh
8,0,3,male,3,1,21,S,U,1014,Master,623,0,Medium,5,high
9,1,3,female,0,2,11,S,U,1014,Mrs,293,4,Small,3,high
10,1,2,female,1,0,30,C,U,1014,Mrs,113,0,Small,2,veryHigh
11,1,3,female,1,1,16,S,G,5,Miss,293,0,Small,3,high
12,1,1,female,0,0,26,S,C,94,Miss,293,9,Alone,1,veryHigh
13,0,3,male,0,0,8,S,U,1014,Mr,623,2,Alone,1,medium
14,0,3,male,1,5,31,S,U,1014,Mr,623,7,Large,7,veryHigh
15,0,3,female,0,0,7,S,U,1014,Miss,293,0,Alone,1,low
16,1,2,female,0,0,16,S,U,1014,Mrs,293,9,Alone,1,high
17,0,3,male,4,1,29,Q,U,1014,Master,63,0,Medium,6,veryHigh
18,1,2,male,0,0,13,S,U,1014,Mr,623,3,Alone,1,high
19,0,3,female,1,0,18,S,U,1014,Mrs,293,5,Small,2,high
20,1,3,female,0,0,7,C,U,1014,Mrs,113,4,Alone,1,low
21,0,2,male,0,0,26,S,U,1014,Mr,623,6,Alone,2,veryHigh
22,1,2,male,0,0,13,S,D,46,Mr,623,6,Alone,1,high
23,1,3,female,0,0,8,Q,U,1014,Miss,60,0,Alone,1,medium
24,1,1,male,0,0,35,S,A,22,Mr,623,4,Alone,1,veryHigh
25,0,3,female,3,1,21,S,U,1014,Miss,293,0,Medium,5,high
26,1,3,female,1,5,31,S,U,1014,Mrs,293,7,Large,7,veryHigh
27,0,3,male,0,0,7,C,U,1014,Mr,157,3,Alone,1,low
28,0,1,male,3,2,263,S,C,94,Mr,623,1,Medium,6,superhigh
29,1,3,female,0,0,7,Q,U,1014,Miss,60,3,Alone,1,low
30,0,3,male,0,0,7,S,U,1014,Mr,623,6,Alone,1,low
31,0,1,male,0,0,27,C,U,1014,Rare,157,7,Alone,1,veryHigh
32,1,1,female,1,0,146,C,B,65,Mrs,113,8,Small,3,superhigh
33,1,3,female,0,0,7,Q,U,1014,Miss,60,3,Alone,1,low
34,0,2,male,0,0,10,S,U,1014,Mr,623,9,Alone,1,medium
35,0,1,male,1,0,82,C,U,1014,Mr,157,4,Small,2,superhigh
36,0,1,male,1,0,52,S,U,1014,Mr,623,8,Small,2,superhigh
37,1,3,male,0,0,7,C,U,1014,Mr,157,0,Alone,1,low
38,0,3,male,0,0,8,S,U,1014,Mr,623,2,Alone,1,medium
39,0,3,female,2,0,18,S,U,1014,Miss,293,1,Small,2,high
40,1,3,female,1,0,11,C,U,1014,Miss,113,0,Small,2,high
41,0,3,female,1,0,9,S,U,1014,Mrs,293,7,Small,1,medium
42,0,2,female,1,0,21,S,U,1014,Mrs,293,4,Small,2,high
43,0,3,male,0,0,7,C,U,1014,Mr,157,6,Alone,1,low
44,1,2,female,1,2,41,C,U,1014,Miss,113,0,Small,4,veryHigh
45,1,3,female,0,0,7,Q,U,1014,Miss,60,1,Alone,1,low
46,0,3,male,0,0,8,S,U,1014,Mr,623,2,Alone,1,medium
47,0,3,male,1,0,15,Q,U,1014,Mr,63,8,Small,2,high
48,1,3,female,0,0,7,Q,U,1014,Miss,60,7,Alone,1,low
49,0,3,male,2,0,21,C,U,1014,Mr,157,7,Small,3,high
50,0,3,female,1,0,17,S,U,1014,Mrs,293,1,Small,2,high
51,0,3,male,4,1,39,S,U,1014,Master,623,0,Medium,7,veryHigh
52,0,3,male,0,0,7,S,U,1014,Mr,623,2,Alone,1,low
53,1,1,female,1,0,76,C,D,46,Mrs,113,9,Small,3,superhigh
54,1,2,female,1,0,26,S,U,1014,Mrs,293,5,Small,2,veryHigh
55,0,1,male,0,1,61,C,B,65,Mr,157,9,Small,2,superhigh
56,1,1,male,0,0,35,S,C,94,Mr,623,8,Alone,1,veryHigh
57,1,2,female,0,0,10,S,U,1014,Miss,293,2,Alone,1,medium
58,0,3,male,0,0,7,C,U,1014,Mr,157,4,Alone,1,low
59,1,2,female,1,2,27,S,U,1014,Miss,293,0,Small,4,veryHigh
60,0,3,male,5,2,46,S,U,1014,Master,623,0,Large,8,superhigh
61,0,3,male,0,0,7,C,U,1014,Mr,157,2,Alone,1,low
62,1,1,female,0,0,80,S,B,65,Miss,293,7,Alone,2,superhigh
63,0,1,male,1,0,83,S,C,94,Mr,623,8,Small,2,superhigh
64,0,3,male,3,2,27,S,U,1014,Master,623,0,Medium,6,veryHigh
65,0,1,male,0,0,27,C,U,1014,Mr,157,0,Alone,1,veryHigh
66,1,3,male,1,1,15,C,U,1014,Master,157,4,Small,3,high
67,1,2,female,0,0,10,S,F,21,Mrs,293,5,Alone,1,medium
68,0,3,male,0,0,8,S,U,1014,Mr,623,1,Alone,1,medium
69,1,3,female,4,2,7,S,U,1014,Miss,293,1,Large,1,low
70,0,3,male,2,0,8,S,U,1014,Mr,623,4,Small,1,medium
71,0,2,male,0,0,10,S,U,1014,Mr,623,6,Alone,1,medium
72,0,3,female,5,2,46,S,U,1014,Miss,293,0,Large,8,superhigh
73,0,2,male,0,0,73,S,U,1014,Mr,623,2,Alone,7,superhigh
74,0,3,male,1,0,14,C,U,1014,Mr,157,4,Small,2,high
75,1,3,male,0,0,56,S,U,1014,Mr,623,6,Alone,8,superhigh
76,0,3,male,0,0,7,S,F,21,Mr,623,3,Alone,1,low
77,0,3,male,0,0,7,S,U,1014,Mr,623,5,Alone,1,low
78,0,3,male,0,0,8,S,U,1014,Mr,623,0,Alone,1,medium
79,1,2,male,0,2,29,S,U,1014,Master,623,0,Small,3,veryHigh
80,1,3,female,0,0,12,S,U,1014,Miss,293,5,Alone,2,high
81,0,3,male,0,0,9,S,U,1014,Mr,623,2,Alone,1,medium
82,1,3,male,0,0,9,S,U,1014,Mr,623,5,Alone,1,medium
83,1,3,female,0,0,7,Q,U,1014,Miss,60,8,Alone,1,low
84,0,1,male,0,0,47,S,U,1014,Mr,623,4,Alone,2,superhigh
85,1,2,female,0,0,10,S,U,1014,Miss,293,1,Alone,1,medium
86,1,3,female,3,0,15,S,U,1014,Mrs,293,6,Small,2,high
87,0,3,male,1,3,34,S,U,1014,Mr,623,0,Medium,5,veryHigh
88,0,3,male,0,0,8,S,U,1014,Mr,623,7,Alone,1,medium
89,1,1,female,3,2,263,S,C,94,Miss,293,3,Medium,6,superhigh
90,0,3,male,0,0,8,S,U,1014,Mr,623,3,Alone,1,medium
91,0,3,male,0,0,8,S,U,1014,Mr,623,5,Alone,1,medium
92,0,3,male,0,0,7,S,U,1014,Mr,623,2,Alone,1,low
93,0,1,male,1,0,61,S,E,41,Mr,623,8,Small,2,superhigh
94,0,3,male,1,2,20,S,U,1014,Mr,623,4,Small,4,high
95,0,3,male,0,0,7,S,U,1014,Mr,623,9,Alone,1,low
96,0,3,male,0,0,8,S,U,1014,Mr,623,3,Alone,1,medium
97,0,1,male,0,0,34,C,A,22,Mr,157,9,Alone,1,veryHigh
98,1,1,male,0,1,63,C,D,46,Mr,157,3,Small,2,superhigh
99,1,2,female,0,1,23,S,U,1014,Mrs,293,6,Small,2,veryHigh
100,0,2,male,1,0,26,S,U,1014,Mr,623,6,Small,2,veryHigh
101,0,3,female,0,0,7,S,U,1014,Miss,293,4,Alone,1,low
102,0,3,male,0,0,7,S,U,1014,Mr,623,7,Alone,1,low
103,0,1,male,0,1,77,S,D,46,Mr,623,2,Small,2,superhigh
104,0,3,male,0,0,8,S,U,1014,Mr,623,6,Alone,1,medium
105,0,3,male,2,0,7,S,U,1014,Mr,623,7,Small,1,low
106,0,3,male,0,0,7,S,U,1014,Mr,623,4,Alone,1,low
107,1,3,female,0,0,7,S,U,1014,Miss,293,2,Alone,1,low
108,1,3,male,0,0,7,S,U,1014,Mr,623,1,Alone,1,low
109,0,3,male,0,0,7,S,U,1014,Mr,623,7,Alone,1,low
110,1,3,female,1,0,24,Q,U,1014,Miss,60,5,Small,3,veryHigh
111,0,1,male,0,0,52,S,C,94,Mr,623,8,Alone,2,superhigh
112,0,3,female,1,0,14,C,U,1014,Miss,113,0,Small,2,high
113,0,3,male,0,0,8,S,U,1014,Mr,623,2,Alone,1,medium
114,0,3,female,1,0,9,S,U,1014,Miss,293,2,Small,1,medium
115,0,3,female,0,0,14,C,U,1014,Miss,113,1,Alone,2,high
116,0,3,male,0,0,7,S,U,1014,Mr,623,2,Alone,1,low
117,0,3,male,0,0,7,Q,U,1014,Mr,63,9,Alone,1,low
118,0,2,male,1,0,21,S,U,1014,Mr,623,5,Small,2,high
119,0,1,male,0,1,247,C,B,65,Mr,157,3,Small,3,superhigh
120,0,3,female,4,2,31,S,U,1014,Miss,293,0,Large,7,veryHigh
121,0,2,male,2,0,73,S,U,1014,Mr,623,2,Small,7,superhigh
122,0,3,male,0,0,8,S,U,1014,Mr,623,4,Alone,1,medium
123,0,2,male,1,0,30,C,U,1014,Mr,157,6,Small,2,veryHigh
124,1,2,female,0,0,13,S,E,41,Miss,293,6,Alone,1,high
125,0,1,male,0,1,77,S,D,46,Mr,623,9,Small,2,superhigh
126,1,3,male,1,0,11,C,U,1014,Master,157,0,Small,2,high
127,0,3,male,0,0,7,Q,U,1014,Mr,63,5,Alone,1,low
128,1,3,male,0,0,7,S,U,1014,Mr,623,3,Alone,1,low
129,1,3,female,1,1,22,C,F,21,Miss,113,2,Small,3,veryHigh
130,0,3,male,0,0,6,S,U,1014,Mr,623,8,Alone,1,low
131,0,3,male,0,0,7,C,U,1014,Mr,157,6,Alone,1,low
132,0,3,male,0,0,7,S,U,1014,Mr,623,2,Alone,1,low
133,0,3,female,1,0,14,S,U,1014,Mrs,293,8,Small,2,high
134,1,2,female,1,0,26,S,U,1014,Mrs,293,5,Small,2,veryHigh
135,0,2,male,0,0,13,S,U,1014,Mr,623,3,Alone,1,high
136,0,2,male,0,0,15,C,U,1014,Mr,157,3,Alone,1,high
137,1,1,female,0,2,26,S,D,46,Miss,293,1,Small,1,veryHigh
138,0,1,male,1,0,53,S,C,94,Mr,623,7,Small,2,superhigh
139,0,3,male,0,0,9,S,U,1014,Mr,623,0,Alone,2,medium
140,0,1,male,0,0,79,C,B,65,Mr,157,3,Alone,2,superhigh
141,0,3,female,0,2,15,C,U,1014,Mrs,113,4,Small,3,high
142,1,3,female,0,0,7,S,U,1014,Miss,293,2,Alone,1,low
143,1,3,female,1,0,15,S,U,1014,Mrs,293,3,Small,2,high
144,0,3,male,0,0,6,Q,U,1014,Mr,63,1,Alone,1,low
145,0,2,male,0,0,11,S,U,1014,Mr,623,1,Alone,1,high
146,0,2,male,1,1,36,S,U,1014,Mr,623,1,Small,4,veryHigh
147,1,3,male,0,0,7,S,U,1014,Mr,623,4,Alone,1,low
148,0,3,female,2,2,34,S,U,1014,Miss,293,0,Medium,5,veryHigh
149,0,2,male,0,2,26,S,F,21,Mr,623,7,Small,3,veryHigh
150,0,2,male,0,0,13,S,U,1014,Rare,623,8,Alone,1,high
151,0,2,male,0,0,12,S,U,1014,Rare,623,9,Alone,1,high
152,1,1,female,1,0,66,S,C,94,Mrs,293,2,Small,2,superhigh
153,0,3,male,0,0,8,S,U,1014,Mr,623,9,Alone,1,medium
154,0,3,male,0,2,14,S,U,1014,Mr,623,7,Small,3,high
155,0,3,male,0,0,7,S,U,1014,Mr,623,7,Alone,1,low
156,0,1,male,0,1,61,C,U,1014,Mr,157,9,Small,2,superhigh
157,1,3,female,0,0,7,Q,U,1014,Miss,60,0,Alone,1,low
158,0,3,male,0,0,8,S,U,1014,Mr,623,5,Alone,1,medium
159,0,3,male,0,0,8,S,U,1014,Mr,623,3,Alone,1,medium
160,0,3,male,8,2,69,S,U,1014,Master,623,1,Large,11,superhigh
161,0,3,male,0,1,16,S,U,1014,Mr,623,8,Small,2,high
162,1,2,female,0,0,15,S,U,1014,Mrs,293,7,Alone,2,high
163,0,3,male,0,0,7,S,U,1014,Mr,623,4,Alone,1,low
164,0,3,male,0,0,8,S,U,1014,Mr,623,1,Alone,1,medium
165,0,3,male,4,1,39,S,U,1014,Master,623,0,Medium,7,veryHigh
166,1,3,male,0,2,20,S,U,1014,Master,623,0,Small,3,high
167,1,1,female,0,1,55,S,E,41,Mrs,293,4,Small,2,superhigh
168,0,3,female,1,4,27,S,U,1014,Mrs,293,8,Medium,6,veryHigh
169,0,1,male,0,0,25,S,U,1014,Mr,623,7,Alone,1,veryHigh
170,0,3,male,0,0,56,S,U,1014,Mr,623,4,Alone,8,superhigh
171,0,1,male,0,0,33,S,B,65,Mr,623,9,Alone,1,veryHigh
172,0,3,male,4,1,29,Q,U,1014,Master,63,0,Medium,6,veryHigh
173,1,3,female,1,1,11,S,U,1014,Miss,293,0,Small,3,high
174,0,3,male,0,0,7,S,U,1014,Mr,623,2,Alone,1,low
175,0,1,male,0,0,30,C,A,22,Mr,157,9,Alone,1,veryHigh
176,0,3,male,1,1,7,S,U,1014,Mr,623,1,Small,1,low
177,0,3,male,3,1,25,S,U,1014,Master,623,7,Medium,5,veryHigh
178,0,1,female,0,0,28,C,C,94,Miss,113,9,Alone,1,veryHigh
179,0,2,male,0,0,13,S,U,1014,Mr,623,5,Alone,1,high
180,0,3,male,0,0,0,S,U,1014,Mr,623,7,Alone,4,low
181,0,3,female,8,2,69,S,U,1014,Miss,293,6,Large,11,superhigh
182,0,2,male,0,0,15,C,U,1014,Mr,157,5,Alone,1,high
183,0,3,male,4,2,31,S,U,1014,Master,623,0,Large,7,veryHigh
184,1,2,male,2,1,39,S,F,21,Master,623,0,Small,4,veryHigh
185,1,3,female,0,2,22,S,U,1014,Miss,293,0,Small,3,veryHigh
186,0,1,male,0,0,50,S,A,22,Mr,623,7,Alone,1,superhigh
187,1,3,female,1,0,15,Q,U,1014,Mrs,60,8,Small,2,high
188,1,1,male,0,0,26,S,U,1014,Mr,623,8,Alone,1,veryHigh
189,0,3,male,1,1,15,Q,U,1014,Mr,63,7,Small,2,high
190,0,3,male,0,0,7,S,U,1014,Mr,623,7,Alone,1,low
191,1,2,female,0,0,13,S,U,1014,Mrs,293,6,Alone,1,high
192,0,2,male,0,0,13,S,U,1014,Mr,623,1,Alone,1,high
193,1,3,female,1,0,7,S,U,1014,Miss,293,1,Small,1,low
194,1,2,male,1,1,26,S,F,21,Master,623,0,Small,3,veryHigh
195,1,1,female,0,0,27,C,B,65,Mrs,113,8,Alone,1,veryHigh
196,1,1,female,0,0,146,C,B,65,Miss,113,9,Alone,3,superhigh
197,0,3,male,0,0,7,Q,U,1014,Mr,63,6,Alone,1,low
198,0,3,male,0,1,8,S,U,1014,Mr,623,8,Small,1,medium
199,1,3,female,0,0,7,Q,U,1014,Miss,60,3,Alone,1,low
200,0,2,female,0,0,13,S,U,1014,Miss,293,3,Alone,1,high
201,0,3,male,0,0,9,S,U,1014,Mr,623,4,Alone,1,medium
202,0,3,male,8,2,69,S,U,1014,Mr,623,4,Large,11,superhigh
203,0,3,male,0,0,6,S,U,1014,Mr,623,6,Alone,1,low
204,0,3,male,0,0,7,C,U,1014,Mr,157,8,Alone,1,low
205,1,3,male,0,0,8,S,U,1014,Mr,623,1,Alone,1,medium
206,0,3,female,0,1,10,S,G,5,Miss,293,0,Small,2,medium
207,0,3,male,1,0,15,S,U,1014,Mr,623,6,Small,2,high
208,1,3,male,0,0,18,C,U,1014,Mr,157,4,Alone,2,high
209,1,3,female,0,0,7,Q,U,1014,Miss,60,0,Alone,1,low
210,1,1,male,0,0,31,C,A,22,Mr,157,7,Alone,1,veryHigh
211,0,3,male,0,0,7,S,U,1014,Mr,623,3,Alone,1,low
212,1,2,female,0,0,21,S,U,1014,Miss,293,6,Alone,2,high
213,0,3,male,0,0,7,S,U,1014,Mr,623,2,Alone,1,low
214,0,2,male,0,0,13,S,U,1014,Mr,623,5,Alone,1,high
215,0,3,male,1,0,7,Q,U,1014,Mr,63,8,Small,1,low
216,1,1,female,1,0,113,C,D,46,Miss,113,5,Small,3,superhigh
217,1,3,female,0,0,7,S,U,1014,Miss,293,4,Alone,1,low
218,0,2,male,1,0,27,S,U,1014,Mr,623,8,Small,2,veryHigh
219,1,1,female,0,0,76,C,D,46,Miss,113,6,Alone,2,superhigh
220,0,2,male,0,0,10,S,U,1014,Mr,623,5,Alone,1,medium
221,1,3,male,0,0,8,S,U,1014,Mr,623,0,Alone,1,medium
222,0,2,male,0,0,13,S,U,1014,Mr,623,4,Alone,1,high
223,0,3,male,0,0,8,S,U,1014,Mr,623,9,Alone,1,medium
224,0,3,male,0,0,7,S,U,1014,Mr,623,3,Alone,1,low
225,1,1,male,1,0,90,S,C,94,Mr,623,7,Small,2,superhigh
226,0,3,male,0,0,9,S,U,1014,Mr,623,2,Alone,1,medium
227,1,2,male,0,0,10,S,U,1014,Mr,623,1,Alone,1,medium
228,0,3,male,0,0,7,S,U,1014,Mr,623,2,Alone,1,low
229,0,2,male,0,0,13,S,U,1014,Mr,623,1,Alone,1,high
230,0,3,female,3,1,25,S,U,1014,Miss,293,7,Medium,5,veryHigh
231,1,1,female,1,0,83,S,C,94,Mrs,293,6,Small,2,superhigh
232,0,3,male,0,0,7,S,U,1014,Mr,623,5,Alone,1,low
233,0,2,male,0,0,13,S,U,1014,Mr,623,9,Alone,1,high
234,1,3,female,4,2,31,S,U,1014,Miss,293,0,Large,7,veryHigh
235,0,2,male,0,0,10,S,U,1014,Mr,623,3,Alone,1,medium
236,0,3,female,0,0,7,S,U,1014,Miss,293,2,Alone,1,low
237,0,2,male,1,0,26,S,U,1014,Mr,623,8,Small,2,veryHigh
238,1,2,female,0,2,26,S,U,1014,Miss,293,0,Small,3,veryHigh
239,0,2,male,0,0,10,S,U,1014,Mr,623,1,Alone,1,medium
240,0,2,male,0,0,12,S,U,1014,Mr,623,6,Alone,1,high
241,0,3,female,1,0,14,C,U,1014,Miss,113,3,Small,2,high
242,1,3,female,1,0,15,Q,U,1014,Miss,60,8,Small,2,high
243,0,2,male,0,0,10,S,U,1014,Mr,623,5,Alone,1,medium
244,0,3,male,0,0,7,S,U,1014,Mr,623,2,Alone,1,low
245,0,3,male,0,0,7,C,U,1014,Mr,157,5,Alone,1,low
246,0,1,male,2,0,90,Q,C,94,Rare,63,8,Small,3,superhigh
247,0,3,female,0,0,7,S,U,1014,Miss,293,3,Alone,1,low
248,1,2,female,0,2,14,S,U,1014,Mrs,293,3,Small,2,high
249,1,1,male,1,1,52,S,D,46,Mr,623,7,Small,2,superhigh
250,0,2,male,1,0,26,S,U,1014,Rare,623,9,Small,2,veryHigh
251,0,3,male,0,0,7,S,U,1014,Mr,623,3,Alone,1,low
252,0,3,female,1,1,10,S,G,5,Mrs,293,5,Small,2,medium
253,0,1,male,0,0,26,S,C,94,Mr,623,9,Alone,1,veryHigh
254,0,3,male,1,0,16,S,U,1014,Mr,623,5,Small,2,high
255,0,3,female,0,2,20,S,U,1014,Mrs,293,8,Small,3,high
256,1,3,female,0,2,15,C,U,1014,Mrs,113,5,Small,3,high
257,1,1,female,0,0,79,C,U,1014,Mrs,113,0,Alone,2,superhigh
258,1,1,female,0,0,86,S,B,65,Miss,293,5,Alone,3,superhigh
259,1,1,female,0,0,512,C,U,1014,Miss,113,6,Alone,4,superhigh
260,1,2,female,0,1,26,S,U,1014,Mrs,293,9,Small,2,veryHigh
261,0,3,male,0,0,7,Q,U,1014,Mr,63,6,Alone,1,low
262,1,3,male,4,2,31,S,U,1014,Master,623,0,Large,7,veryHigh
263,0,1,male,1,1,79,S,E,41,Mr,623,9,Small,3,superhigh
264,0,1,male,0,0,0,S,B,65,Mr,623,7,Alone,1,low
265,0,3,female,0,0,7,Q,U,1014,Miss,60,7,Alone,1,low
266,0,2,male,0,0,10,S,U,1014,Mr,623,7,Alone,1,medium
267,0,3,male,4,1,39,S,U,1014,Mr,623,0,Medium,7,veryHigh
268,1,3,male,1,0,7,S,U,1014,Mr,623,3,Small,1,low
269,1,1,female,0,1,153,S,C,94,Mrs,293,9,Small,3,superhigh
270,1,1,female,0,0,135,S,C,94,Miss,293,6,Alone,4,superhigh
271,0,1,male,0,0,31,S,U,1014,Mr,623,7,Alone,2,veryHigh
272,1,3,male,0,0,0,S,U,1014,Mr,623,3,Alone,4,low
273,1,2,female,0,1,19,S,U,1014,Mrs,293,8,Small,2,high
274,0,1,male,0,1,29,C,C,94,Mr,157,7,Small,1,veryHigh
275,1,3,female,0,0,7,Q,U,1014,Miss,60,7,Alone,1,low
276,1,1,female,1,0,77,S,D,46,Miss,293,9,Small,3,superhigh
277,0,3,female,0,0,7,S,U,1014,Miss,293,8,Alone,1,low
278,0,2,male,0,0,0,S,U,1014,Mr,623,3,Alone,3,low
279,0,3,male,4,1,29,Q,U,1014,Master,63,0,Medium,6,veryHigh
280,1,3,female,1,1,20,S,U,1014,Mrs,293,6,Small,3,high
281,0,3,male,0,0,7,Q,U,1014,Mr,63,9,Alone,1,low
282,0,3,male,0,0,7,S,U,1014,Mr,623,4,Alone,1,low
283,0,3,male,0,0,9,S,U,1014,Mr,623,0,Alone,1,medium
284,1,3,male,0,0,8,S,U,1014,Mr,623,1,Alone,1,medium
285,0,1,male,0,0,26,S,A,22,Mr,623,1,Alone,1,veryHigh
286,0,3,male,0,0,8,C,U,1014,Mr,157,6,Alone,1,medium
287,1,3,male,0,0,9,S,U,1014,Mr,623,5,Alone,1,medium
288,0,3,male,0,0,7,S,U,1014,Mr,623,2,Alone,1,low
289,1,2,male,0,0,13,S,U,1014,Mr,623,8,Alone,1,high
290,1,3,female,0,0,7,Q,U,1014,Miss,60,2,Alone,1,low
291,1,1,female,0,0,78,S,U,1014,Miss,293,4,Alone,3,superhigh
292,1,1,female,1,0,91,C,B,65,Mrs,113,1,Small,2,superhigh
293,0,2,male,0,0,12,C,D,46,Mr,157,7,Alone,1,high
294,0,3,female,0,0,8,S,U,1014,Miss,293,3,Alone,1,medium
295,0,3,male,0,0,7,S,U,1014,Mr,623,3,Alone,1,low
296,0,1,male,0,0,27,C,U,1014,Mr,157,7,Alone,1,veryHigh
297,0,3,male,0,0,7,C,U,1014,Mr,157,3,Alone,1,low
298,0,1,female,1,2,151,S,C,94,Miss,293,0,Small,6,superhigh
299,1,1,male,0,0,30,S,C,94,Mr,623,6,Alone,1,veryHigh
300,1,1,female,0,1,247,C,B,65,Mrs,113,9,Small,3,superhigh
301,1,3,female,0,0,7,Q,U,1014,Miss,60,6,Alone,1,low
302,1,3,male,2,0,23,Q,U,1014,Mr,63,0,Small,3,veryHigh
303,0,3,male,0,0,0,S,U,1014,Mr,623,1,Alone,4,low
304,1,2,female,0,0,12,Q,E,41,Miss,60,6,Alone,1,high
305,0,3,male,0,0,8,S,U,1014,Mr,623,0,Alone,1,medium
306,1,1,male,1,2,151,S,C,94,Master,623,0,Small,6,superhigh
307,1,1,female,0,0,110,C,U,1014,Miss,113,4,Alone,4,superhigh
308,1,1,female,1,0,108,C,C,94,Mrs,113,1,Small,3,superhigh
309,0,2,male,1,0,24,C,U,1014,Mr,157,5,Small,2,veryHigh
310,1,1,female,0,0,56,C,E,41,Miss,113,5,Alone,2,superhigh
311,1,1,female,0,0,83,C,C,94,Miss,113,3,Alone,3,superhigh
312,1,1,female,2,2,262,C,B,65,Miss,113,1,Medium,7,superhigh
313,0,2,female,1,1,26,S,U,1014,Mrs,293,4,Small,2,veryHigh
314,0,3,male,0,0,7,S,U,1014,Mr,623,4,Alone,1,low
315,0,2,male,1,1,26,S,U,1014,Mr,623,8,Small,3,veryHigh
316,1,3,female,0,0,7,S,U,1014,Miss,293,4,Alone,1,low
317,1,2,female,1,0,26,S,U,1014,Mrs,293,3,Small,2,veryHigh
318,0,2,male,0,0,14,S,U,1014,Rare,623,9,Alone,1,high
319,1,1,female,0,2,164,S,C,94,Miss,293,5,Small,4,superhigh
320,1,1,female,1,1,134,C,E,41,Mrs,113,7,Small,5,superhigh
321,0,3,male,0,0,7,S,U,1014,Mr,623,2,Alone,1,low
322,0,3,male,0,0,7,S,U,1014,Mr,623,4,Alone,1,low
323,1,2,female,0,0,12,Q,U,1014,Miss,60,5,Alone,1,high
324,1,2,female,1,1,29,S,U,1014,Mrs,293,2,Small,3,veryHigh
325,0,3,male,8,2,69,S,U,1014,Mr,623,2,Large,11,superhigh
326,1,1,female,0,0,135,C,C,94,Miss,113,7,Alone,4,superhigh
327,0,3,male,0,0,6,S,U,1014,Mr,623,9,Alone,1,low
328,1,2,female,0,0,13,S,D,46,Mrs,293,7,Alone,1,high
329,1,3,female,1,1,20,S,U,1014,Mrs,293,5,Small,3,high
330,1,1,female,0,1,57,C,B,65,Miss,113,1,Small,2,superhigh
331,1,3,female,2,0,23,Q,U,1014,Miss,60,5,Small,3,veryHigh
332,0,1,male,0,0,28,S,C,94,Mr,623,8,Alone,1,veryHigh
333,0,1,male,0,1,153,S,C,94,Mr,623,7,Small,3,superhigh
334,0,3,male,2,0,18,S,U,1014,Mr,623,1,Small,2,high
335,1,1,female,1,0,133,S,U,1014,Mrs,293,4,Small,2,superhigh
336,0,3,male,0,0,7,S,U,1014,Mr,623,5,Alone,1,low
337,0,1,male,1,0,66,S,C,94,Mr,623,5,Small,2,superhigh
338,1,1,female,0,0,134,C,E,41,Miss,113,8,Alone,5,superhigh
339,1,3,male,0,0,8,S,U,1014,Mr,623,8,Alone,1,medium
340,0,1,male,0,0,35,S,T,1,Mr,623,8,Alone,1,veryHigh
341,1,2,male,1,1,26,S,F,21,Master,623,0,Small,3,veryHigh
342,1,1,female,3,2,263,S,C,94,Miss,293,3,Medium,6,superhigh
343,0,2,male,0,0,13,S,U,1014,Mr,623,4,Alone,1,high
344,0,2,male,0,0,13,S,U,1014,Mr,623,3,Alone,1,high
345,0,2,male,0,0,13,S,U,1014,Mr,623,7,Alone,1,high
346,1,2,female,0,0,13,S,F,21,Miss,293,3,Alone,1,high
347,1,2,female,0,0,13,S,U,1014,Miss,293,7,Alone,1,high
348,1,3,female,1,0,16,S,U,1014,Mrs,293,8,Small,2,high
349,1,3,male,1,1,15,S,U,1014,Master,623,0,Small,3,high
350,0,3,male,0,0,8,S,U,1014,Mr,623,8,Alone,1,medium
351,0,3,male,0,0,9,S,U,1014,Mr,623,3,Alone,1,medium
352,0,1,male,0,0,35,S,C,94,Mr,623,7,Alone,1,veryHigh
353,0,3,male,1,1,7,C,U,1014,Mr,157,0,Small,1,low
354,0,3,male,1,0,17,S,U,1014,Mr,623,3,Small,2,high
355,0,3,male,0,0,7,C,U,1014,Mr,157,2,Alone,1,low
356,0,3,male,0,0,9,S,U,1014,Mr,623,4,Alone,1,medium
357,1,1,female,0,1,55,S,E,41,Miss,293,2,Small,2,superhigh
358,0,2,female,0,0,13,S,U,1014,Miss,293,7,Alone,1,high
359,1,3,female,0,0,7,Q,U,1014,Miss,60,4,Alone,1,low
360,1,3,female,0,0,7,Q,U,1014,Miss,60,5,Alone,1,low
361,0,3,male,1,4,27,S,U,1014,Mr,623,7,Medium,6,veryHigh
362,0,2,male,1,0,27,C,U,1014,Mr,157,5,Small,2,veryHigh
363,0,3,female,0,1,14,C,U,1014,Mrs,113,8,Small,2,high
364,0,3,male,0,0,7,S,U,1014,Mr,623,6,Alone,1,low
365,0,3,male,1,0,15,Q,U,1014,Mr,63,7,Small,2,high
366,0,3,male,0,0,7,S,U,1014,Mr,623,5,Alone,1,low
367,1,1,female,1,0,75,C,D,46,Mrs,113,9,Small,2,superhigh
368,1,3,female,0,0,7,C,U,1014,Mrs,113,3,Alone,1,low
369,1,3,female,0,0,7,Q,U,1014,Miss,60,2,Alone,1,low
370,1,1,female,0,0,69,C,B,65,Mrs,113,3,Alone,2,superhigh
371,1,1,male,1,0,55,C,E,41,Mr,157,3,Small,2,superhigh
372,0,3,male,1,0,6,S,U,1014,Mr,623,1,Small,1,low
373,0,3,male,0,0,8,S,U,1014,Mr,623,1,Alone,1,medium
374,0,1,male,0,0,135,C,U,1014,Mr,157,2,Alone,4,superhigh
375,0,3,female,3,1,21,S,U,1014,Miss,293,0,Medium,5,high
376,1,1,female,1,0,82,C,U,1014,Mrs,113,6,Small,2,superhigh
377,1,3,female,0,0,7,S,U,1014,Miss,293,2,Alone,1,low
378,0,1,male,0,2,211,C,C,94,Mr,157,4,Small,5,superhigh
379,0,3,male,0,0,4,C,U,1014,Mr,157,2,Alone,1,low
380,0,3,male,0,0,7,S,U,1014,Mr,623,1,Alone,1,low
381,1,1,female,0,0,227,C,U,1014,Miss,113,8,Alone,5,superhigh
382,1,3,female,0,2,15,C,U,1014,Miss,113,0,Small,3,high
383,0,3,male,0,0,7,S,U,1014,Mr,623,6,Alone,1,low
384,1,1,female,1,0,52,S,U,1014,Mrs,293,6,Small,2,superhigh
385,0,3,male,0,0,7,S,U,1014,Mr,623,1,Alone,1,low
386,0,2,male,0,0,73,S,U,1014,Mr,623,1,Alone,7,superhigh
387,0,3,male,5,2,46,S,U,1014,Master,623,0,Large,8,superhigh
388,1,2,female,0,0,13,S,U,1014,Miss,293,7,Alone,1,high
389,0,3,male,0,0,7,Q,U,1014,Mr,63,5,Alone,1,low
390,1,2,female,0,0,12,C,U,1014,Miss,113,1,Alone,1,high
391,1,1,male,1,2,120,S,B,65,Mr,623,7,Small,4,superhigh
392,1,3,male,0,0,7,S,U,1014,Mr,623,2,Alone,1,low
393,0,3,male,2,0,7,S,U,1014,Mr,623,4,Small,1,low
394,1,1,female,1,0,113,C,D,46,Miss,113,3,Small,3,superhigh
395,1,3,female,0,2,16,S,G,5,Mrs,293,3,Small,3,high
396,0,3,male,0,0,7,S,U,1014,Mr,623,2,Alone,1,low
397,0,3,female,0,0,7,S,U,1014,Miss,293,5,Alone,1,low
398,0,2,male,0,0,26,S,U,1014,Mr,623,8,Alone,2,veryHigh
399,0,2,male,0,0,10,S,U,1014,Rare,623,3,Alone,1,medium
400,1,2,female,0,0,12,S,U,1014,Mrs,293,4,Alone,1,high
401,1,3,male,0,0,7,S,U,1014,Mr,623,7,Alone,1,low
402,0,3,male,0,0,8,S,U,1014,Mr,623,4,Alone,1,medium
403,0,3,female,1,0,9,S,U,1014,Miss,293,2,Small,1,medium
404,0,3,male,1,0,15,S,U,1014,Mr,623,4,Small,2,high
405,0,3,female,0,0,8,S,U,1014,Miss,293,2,Alone,1,medium
406,0,2,male,1,0,21,S,U,1014,Mr,623,6,Small,2,high
407,0,3,male,0,0,7,S,U,1014,Mr,623,9,Alone,1,low
408,1,2,male,1,1,18,S,U,1014,Master,623,0,Small,3,high
409,0,3,male,0,0,7,S,U,1014,Mr,623,2,Alone,1,low
410,0,3,female,3,1,25,S,U,1014,Miss,293,7,Medium,5,veryHigh
411,0,3,male,0,0,7,S,U,1014,Mr,623,4,Alone,1,low
412,0,3,male,0,0,6,Q,U,1014,Mr,63,2,Alone,1,low
413,1,1,female,1,0,90,Q,C,94,Miss,60,6,Small,3,superhigh
414,0,2,male,0,0,0,S,U,1014,Mr,623,6,Alone,3,low
415,1,3,male,0,0,7,S,U,1014,Mr,623,8,Alone,1,low
416,0,3,female,0,0,8,S,U,1014,Mrs,293,1,Alone,1,medium
417,1,2,female,1,1,32,S,U,1014,Mrs,293,6,Small,3,veryHigh
418,1,2,female,0,2,13,S,U,1014,Miss,293,1,Small,1,high
419,0,2,male,0,0,13,S,U,1014,Mr,623,5,Alone,1,high
420,0,3,female,0,2,24,S,U,1014,Miss,293,0,Small,3,veryHigh
421,0,3,male,0,0,7,C,U,1014,Mr,157,7,Alone,1,low
422,0,3,male,0,0,7,Q,U,1014,Mr,63,2,Alone,1,low
423,0,3,male,0,0,7,S,U,1014,Mr,623,5,Alone,1,low
424,0,3,female,1,1,14,S,U,1014,Mrs,293,4,Small,3,high
425,0,3,male,1,1,20,S,U,1014,Mr,623,1,Small,3,high
426,0,3,male,0,0,7,S,U,1014,Mr,623,5,Alone,1,low
427,1,2,female,1,0,26,S,U,1014,Mrs,293,4,Small,2,veryHigh
428,1,2,female,0,0,26,S,U,1014,Miss,293,1,Alone,2,veryHigh
429,0,3,male,0,0,7,Q,U,1014,Mr,63,1,Alone,1,low
430,1,3,male,0,0,8,S,E,41,Mr,623,6,Alone,1,medium
431,1,1,male,0,0,26,S,C,94,Mr,623,4,Alone,1,veryHigh
432,1,3,female,1,0,16,S,U,1014,Mrs,293,3,Small,2,high
433,1,2,female,1,0,26,S,U,1014,Mrs,293,8,Small,2,veryHigh
434,0,3,male,0,0,7,S,U,1014,Mr,623,1,Alone,1,low
435,0,1,male,1,0,55,S,E,41,Mr,623,9,Small,2,superhigh
436,1,1,female,1,2,120,S,B,65,Miss,293,0,Small,4,superhigh
437,0,3,female,2,2,34,S,U,1014,Miss,293,2,Medium,5,veryHigh
438,1,2,female,2,3,18,S,U,1014,Mrs,293,3,Medium,3,high
439,0,1,male,1,4,263,S,C,94,Mr,623,9,Medium,6,superhigh
440,0,2,male,0,0,10,S,U,1014,Mr,623,5,Alone,1,medium
441,1,2,female,1,1,26,S,U,1014,Mrs,293,8,Small,3,veryHigh
442,0,3,male,0,0,9,S,U,1014,Mr,623,2,Alone,1,medium
443,0,3,male,1,0,7,S,U,1014,Mr,623,3,Small,1,low
444,1,2,female,0,0,13,S,U,1014,Miss,293,4,Alone,1,high
445,1,3,male,0,0,8,S,U,1014,Mr,623,1,Alone,1,medium
446,1,1,male,0,2,81,S,A,22,Master,623,0,Small,3,superhigh
447,1,2,female,0,1,19,S,U,1014,Miss,293,0,Small,2,high
448,1,1,male,0,0,26,S,U,1014,Mr,623,6,Alone,1,veryHigh
449,1,3,female,2,1,19,C,U,1014,Miss,113,0,Small,4,high
450,1,1,male,0,0,30,S,C,94,Rare,623,9,Alone,1,veryHigh
451,0,2,male,1,2,27,S,U,1014,Mr,623,7,Small,4,veryHigh
452,0,3,male,1,0,19,S,U,1014,Mr,623,3,Small,1,high
453,0,1,male,0,0,27,C,C,94,Mr,157,5,Alone,1,veryHigh
454,1,1,male,1,0,89,C,C,94,Mr,157,9,Small,2,superhigh
455,0,3,male,0,0,8,S,U,1014,Mr,623,6,Alone,1,medium
456,1,3,male,0,0,7,C,U,1014,Mr,157,5,Alone,1,low
457,0,1,male,0,0,26,S,E,41,Mr,623,9,Alone,1,veryHigh
458,1,1,female,1,0,51,S,D,46,Mrs,293,8,Small,2,superhigh
459,1,2,female,0,0,10,S,U,1014,Miss,293,9,Alone,1,medium
460,0,3,male,0,0,7,Q,U,1014,Mr,63,6,Alone,1,low
461,1,1,male,0,0,26,S,E,41,Mr,623,8,Alone,1,veryHigh
462,0,3,male,0,0,8,S,U,1014,Mr,623,6,Alone,1,medium
463,0,1,male,0,0,38,S,E,41,Mr,623,8,Alone,1,veryHigh
464,0,2,male,0,0,13,S,U,1014,Mr,623,8,Alone,1,high
465,0,3,male,0,0,8,S,U,1014,Mr,623,2,Alone,1,medium
466,0,3,male,0,0,7,S,U,1014,Mr,623,7,Alone,1,low
467,0,2,male,0,0,0,S,U,1014,Mr,623,3,Alone,3,low
468,0,1,male,0,0,26,S,U,1014,Mr,623,9,Alone,1,veryHigh
469,0,3,male,0,0,7,Q,U,1014,Mr,63,6,Alone,1,low
470,1,3,female,2,1,19,C,U,1014,Miss,113,0,Small,4,high
471,0,3,male,0,0,7,S,U,1014,Mr,623,6,Alone,1,low
472,0,3,male,0,0,8,S,U,1014,Mr,623,7,Alone,1,medium
473,1,2,female,1,2,27,S,U,1014,Mrs,293,6,Small,4,veryHigh
474,1,2,female,0,0,13,C,D,46,Mrs,113,3,Alone,1,high
475,0,3,female,0,0,9,S,U,1014,Miss,293,2,Alone,1,medium
476,0,1,male,0,0,52,S,A,22,Mr,623,6,Alone,2,superhigh
477,0,2,male,1,0,21,S,U,1014,Mr,623,6,Small,2,high
478,0,3,male,1,0,7,S,U,1014,Mr,623,5,Small,1,low
479,0,3,male,0,0,7,S,U,1014,Mr,623,2,Alone,1,low
480,1,3,female,0,1,12,S,U,1014,Miss,293,0,Small,2,high
481,0,3,male,5,2,46,S,U,1014,Master,623,0,Large,8,superhigh
482,0,2,male,0,0,0,S,U,1014,Mr,623,7,Alone,1,low
483,0,3,male,0,0,8,S,U,1014,Mr,623,9,Alone,1,medium
484,1,3,female,0,0,9,S,U,1014,Mrs,293,9,Alone,1,medium
485,1,1,male,1,0,91,C,B,65,Mr,157,3,Small,2,superhigh
486,0,3,female,3,1,25,S,U,1014,Miss,293,1,Medium,5,veryHigh
487,1,1,female,1,0,90,S,C,94,Mrs,293,6,Small,2,superhigh
488,0,1,male,0,0,29,C,B,65,Mr,157,9,Alone,1,veryHigh
489,0,3,male,0,0,8,S,U,1014,Mr,623,5,Alone,1,medium
490,1,3,male,1,1,15,S,U,1014,Master,623,0,Small,3,high
491,0,3,male,1,0,19,S,U,1014,Mr,623,1,Small,1,high
492,0,3,male,0,0,7,S,U,1014,Mr,623,2,Alone,1,low
493,0,1,male,0,0,30,S,C,94,Mr,623,9,Alone,1,veryHigh
494,0,1,male,0,0,49,C,U,1014,Mr,157,9,Alone,1,superhigh
495,0,3,male,0,0,8,S,U,1014,Mr,623,2,Alone,1,medium
496,0,3,male,0,0,14,C,U,1014,Mr,157,6,Alone,2,high
497,1,1,female,1,0,78,C,D,46,Miss,113,9,Small,2,superhigh
498,0,3,male,0,0,15,S,U,1014,Mr,623,7,Alone,2,high
499,0,1,female,1,2,151,S,C,94,Mrs,293,3,Small,6,superhigh
500,0,3,male,0,0,7,S,U,1014,Mr,623,3,Alone,1,low
501,0,3,male,0,0,8,S,U,1014,Mr,623,1,Alone,1,medium
502,0,3,female,0,0,7,Q,U,1014,Miss,60,2,Alone,1,low
503,0,3,female,0,0,7,Q,U,1014,Miss,60,8,Alone,1,low
504,0,3,female,0,0,9,S,U,1014,Miss,293,7,Alone,1,medium
505,1,1,female,0,0,86,S,B,65,Miss,293,1,Alone,3,superhigh
506,0,1,male,1,0,108,C,C,94,Mr,157,1,Small,3,superhigh
507,1,2,female,0,2,26,S,U,1014,Mrs,293,6,Small,3,veryHigh
508,1,1,male,0,0,26,S,U,1014,Mr,623,2,Alone,1,veryHigh
509,0,3,male,0,0,22,S,U,1014,Mr,623,4,Alone,3,veryHigh
510,1,3,male,0,0,56,S,U,1014,Mr,623,4,Alone,8,superhigh
511,1,3,male,0,0,7,Q,U,1014,Mr,63,5,Alone,1,low
512,0,3,male,0,0,8,S,U,1014,Mr,623,7,Alone,1,medium
513,1,1,male,0,0,26,S,E,41,Mr,623,7,Alone,1,veryHigh
514,1,1,female,1,0,59,C,U,1014,Mrs,113,9,Small,2,superhigh
515,0,3,male,0,0,7,S,U,1014,Mr,623,3,Alone,1,low
516,0,1,male,0,0,34,S,D,46,Mr,623,8,Alone,1,veryHigh
517,1,2,female,0,0,10,S,F,21,Mrs,293,6,Alone,1,medium
518,0,3,male,0,0,24,Q,U,1014,Mr,63,4,Alone,3,veryHigh
519,1,2,female,1,0,26,S,U,1014,Mrs,293,7,Small,2,veryHigh
520,0,3,male,0,0,7,S,U,1014,Mr,623,6,Alone,1,low
521,1,1,female,0,0,93,S,B,65,Miss,293,5,Alone,4,superhigh
522,0,3,male,0,0,7,S,U,1014,Mr,623,2,Alone,1,low
523,0,3,male,0,0,7,C,U,1014,Mr,157,8,Alone,1,low
524,1,1,female,0,1,57,C,B,65,Mrs,113,8,Small,2,superhigh
525,0,3,male,0,0,7,C,U,1014,Mr,157,1,Alone,1,low
526,0,3,male,0,0,7,Q,U,1014,Mr,63,8,Alone,1,low
527,1,2,female,0,0,10,S,U,1014,Miss,293,9,Alone,1,medium
528,0,1,male,0,0,221,S,C,94,Mr,623,3,Alone,4,superhigh
529,0,3,male,0,0,7,S,U,1014,Mr,623,7,Alone,1,low
530,0,2,male,2,1,11,S,U,1014,Mr,623,3,Small,1,high
531,1,2,female,1,1,26,S,U,1014,Miss,293,0,Small,3,veryHigh
532,0,3,male,0,0,7,C,U,1014,Mr,157,1,Alone,1,low
533,0,3,male,1,1,7,C,U,1014,Mr,157,1,Small,1,low
534,1,3,female,0,2,22,C,U,1014,Mrs,113,7,Small,3,veryHigh
535,0,3,female,0,0,8,S,U,1014,Miss,293,5,Alone,1,medium
536,1,2,female,0,2,26,S,U,1014,Miss,293,0,Small,3,veryHigh
537,0,1,male,0,0,26,S,B,65,Rare,623,8,Alone,1,veryHigh
538,1,1,female,0,0,106,C,U,1014,Miss,113,5,Alone,3,superhigh
539,0,3,male,0,0,14,S,U,1014,Mr,623,6,Alone,2,high
540,1,1,female,0,2,49,C,B,65,Miss,113,2,Small,1,superhigh
541,1,1,female,0,2,71,S,B,65,Miss,293,7,Small,2,superhigh
542,0,3,female,4,2,31,S,U,1014,Miss,293,0,Large,7,veryHigh
543,0,3,female,4,2,31,S,U,1014,Miss,293,0,Large,7,veryHigh
544,1,2,male,1,0,26,S,U,1014,Mr,623,6,Small,2,veryHigh
545,0,1,male,1,0,106,C,C,94,Mr,157,9,Small,3,superhigh
546,0,1,male,0,0,26,S,U,1014,Mr,623,9,Alone,1,veryHigh
547,1,2,female,1,0,26,S,U,1014,Mrs,293,1,Small,2,veryHigh
548,1,2,male,0,0,13,C,U,1014,Mr,157,3,Alone,1,high
549,0,3,male,1,1,20,S,U,1014,Mr,623,6,Small,3,high
550,1,2,male,1,1,36,S,U,1014,Master,623,0,Small,4,veryHigh
551,1,1,male,0,2,110,C,C,94,Mr,157,1,Small,4,superhigh
552,0,2,male,0,0,26,S,U,1014,Mr,623,4,Alone,2,veryHigh
553,0,3,male,0,0,7,Q,U,1014,Mr,63,5,Alone,1,low
554,1,3,male,0,0,7,C,U,1014,Mr,157,2,Alone,1,low
555,1,3,female,0,0,7,S,U,1014,Miss,293,2,Alone,1,low
556,0,1,male,0,0,26,S,U,1014,Mr,623,9,Alone,1,veryHigh
557,1,1,female,1,0,39,C,A,22,Rare,113,9,Small,1,veryHigh
558,0,1,male,0,0,227,C,U,1014,Mr,157,6,Alone,5,superhigh
559,1,1,female,1,1,79,S,E,41,Mrs,293,7,Small,3,superhigh
560,1,3,female,1,0,17,S,U,1014,Mrs,293,7,Small,2,high
561,0,3,male,0,0,7,Q,U,1014,Mr,63,6,Alone,1,low
562,0,3,male,0,0,7,S,U,1014,Mr,623,8,Alone,1,low
563,0,2,male,0,0,13,S,U,1014,Mr,623,4,Alone,1,high
564,0,3,male,0,0,8,S,U,1014,Mr,623,6,Alone,1,medium
565,0,3,female,0,0,8,S,U,1014,Miss,293,2,Alone,1,medium
566,0,3,male,2,0,24,S,U,1014,Mr,623,3,Small,3,veryHigh
567,0,3,male,0,0,7,S,U,1014,Mr,623,1,Alone,1,low
568,0,3,female,0,4,21,S,U,1014,Mrs,293,5,Medium,5,high
569,0,3,male,0,0,7,C,U,1014,Mr,157,1,Alone,1,low
570,1,3,male,0,0,7,S,U,1014,Mr,623,6,Alone,1,low
571,1,2,male,0,0,10,S,U,1014,Mr,623,9,Alone,1,medium
572,1,1,female,2,0,51,S,C,94,Mrs,293,9,Small,2,superhigh
573,1,1,male,0,0,26,S,E,41,Mr,623,7,Alone,1,veryHigh
574,1,3,female,0,0,7,Q,U,1014,Miss,60,5,Alone,1,low
575,0,3,male,0,0,8,S,U,1014,Mr,623,1,Alone,1,medium
576,0,3,male,0,0,14,S,U,1014,Mr,623,1,Alone,2,high
577,1,2,female,0,0,13,S,U,1014,Miss,293,6,Alone,1,high
578,1,1,female,1,0,55,S,E,41,Mrs,293,7,Small,2,superhigh
579,0,3,female,1,0,14,C,U,1014,Mrs,113,7,Small,2,high
580,1,3,male,0,0,7,S,U,1014,Mr,623,6,Alone,1,low
581,1,2,female,1,1,30,S,U,1014,Miss,293,3,Small,2,veryHigh
582,1,1,female,1,1,110,C,C,94,Mrs,113,7,Small,4,superhigh
583,0,2,male,0,0,26,S,U,1014,Mr,623,9,Alone,2,veryHigh
584,0,1,male,0,0,40,C,A,22,Mr,157,7,Alone,1,veryHigh
585,0,3,male,0,0,8,C,U,1014,Mr,157,1,Alone,1,medium
586,1,1,female,0,2,79,S,E,41,Miss,293,1,Small,3,superhigh
587,0,2,male,0,0,15,S,U,1014,Mr,623,8,Alone,1,high
588,1,1,male,1,1,79,C,B,65,Mr,157,9,Small,2,superhigh
589,0,3,male,0,0,8,S,U,1014,Mr,623,2,Alone,1,medium
590,0,3,male,0,0,8,S,U,1014,Mr,623,8,Alone,1,medium
591,0,3,male,0,0,7,S,U,1014,Mr,623,6,Alone,1,low
592,1,1,female,1,0,78,C,D,46,Mrs,113,9,Small,2,superhigh
593,0,3,male,0,0,7,S,U,1014,Mr,623,8,Alone,1,low
594,0,3,female,0,2,7,Q,U,1014,Miss,60,1,Small,1,low
595,0,2,male,1,0,26,S,U,1014,Mr,623,7,Small,2,veryHigh
596,0,3,male,1,1,24,S,U,1014,Mr,623,7,Small,3,veryHigh
597,1,2,female,0,0,33,S,U,1014,Miss,293,3,Alone,3,veryHigh
598,0,3,male,0,0,0,S,U,1014,Mr,623,9,Alone,4,low
599,0,3,male,0,0,7,C,U,1014,Mr,157,7,Alone,1,low
600,1,1,male,1,0,56,C,A,22,Rare,157,9,Small,2,superhigh
601,1,2,female,2,1,27,S,U,1014,Mrs,293,3,Small,2,veryHigh
602,0,3,male,0,0,7,S,U,1014,Mr,623,6,Alone,1,low
603,0,1,male,0,0,42,S,U,1014,Mr,623,4,Alone,2,superhigh
604,0,3,male,0,0,8,S,U,1014,Mr,623,8,Alone,1,medium
605,1,1,male,0,0,26,C,U,1014,Mr,157,6,Alone,1,veryHigh
606,0,3,male,1,0,15,S,U,1014,Mr,623,7,Small,2,high
607,0,3,male,0,0,7,S,U,1014,Mr,623,5,Alone,1,low
608,1,1,male,0,0,30,S,U,1014,Mr,623,4,Alone,1,veryHigh
609,1,2,female,1,2,41,C,U,1014,Mrs,113,2,Small,4,veryHigh
610,1,1,female,0,0,153,S,C,94,Miss,293,8,Alone,3,superhigh
611,0,3,female,1,5,31,S,U,1014,Mrs,293,7,Large,7,veryHigh
612,0,3,male,0,0,7,S,U,1014,Mr,623,6,Alone,1,low
613,1,3,female,1,0,15,Q,U,1014,Miss,60,3,Small,2,high
614,0,3,male,0,0,7,Q,U,1014,Mr,63,7,Alone,1,low
615,0,3,male,0,0,8,S,U,1014,Mr,623,6,Alone,1,medium
616,1,2,female,1,2,65,S,U,1014,Miss,293,3,Small,5,superhigh
617,0,3,male,1,1,14,S,U,1014,Mr,623,6,Small,3,high
618,0,3,female,1,0,16,S,U,1014,Mrs,293,4,Small,2,high
619,1,2,female,2,1,39,S,F,21,Miss,293,0,Small,4,veryHigh
620,0,2,male,0,0,10,S,U,1014,Mr,623,4,Alone,1,medium
621,0,3,male,1,0,14,C,U,1014,Mr,157,4,Small,2,high
622,1,1,male,1,0,52,S,D,46,Mr,623,8,Small,2,superhigh
623,1,3,male,1,1,15,C,U,1014,Mr,157,2,Small,3,high
624,0,3,male,0,0,7,S,U,1014,Mr,623,2,Alone,1,low
625,0,3,male,0,0,16,S,U,1014,Mr,623,2,Alone,2,high
626,0,1,male,0,0,32,S,D,46,Mr,623,9,Alone,1,veryHigh
627,0,2,male,0,0,12,Q,U,1014,Rare,63,9,Alone,1,high
628,1,1,female,0,0,77,S,D,46,Miss,293,2,Alone,3,superhigh
629,0,3,male,0,0,7,S,U,1014,Mr,623,4,Alone,1,low
630,0,3,male,0,0,7,Q,U,1014,Mr,63,4,Alone,1,low
631,1,1,male,0,0,30,S,A,22,Mr,623,9,Alone,1,veryHigh
632,0,3,male,0,0,7,S,U,1014,Mr,623,9,Alone,1,low
633,1,1,male,0,0,30,C,B,65,Rare,157,6,Alone,1,veryHigh
634,0,1,male,0,0,0,S,U,1014,Mr,623,4,Alone,1,low
635,0,3,female,3,2,27,S,U,1014,Miss,293,0,Medium,6,veryHigh
636,1,2,female,0,0,13,S,U,1014,Miss,293,4,Alone,1,high
637,0,3,male,0,0,7,S,U,1014,Mr,623,6,Alone,1,low
638,0,2,male,1,1,26,S,U,1014,Mr,623,5,Small,3,veryHigh
639,0,3,female,0,5,39,S,U,1014,Mrs,293,8,Medium,7,veryHigh
640,0,3,male,1,0,16,S,U,1014,Mr,623,1,Small,2,high
641,0,3,male,0,0,7,S,U,1014,Mr,623,2,Alone,1,low
642,1,1,female,0,0,69,C,B,65,Miss,113,3,Alone,2,superhigh
643,0,3,female,3,2,27,S,U,1014,Miss,293,0,Medium,6,veryHigh
644,1,3,male,0,0,56,S,U,1014,Mr,623,6,Alone,8,superhigh
645,1,3,female,2,1,19,C,U,1014,Miss,113,0,Small,4,high
646,1,1,male,1,0,76,C,D,46,Mr,157,9,Small,3,superhigh
647,0,3,male,0,0,7,S,U,1014,Mr,623,1,Alone,1,low
648,1,1,male,0,0,35,C,A,22,Rare,157,9,Alone,1,veryHigh
649,0,3,male,0,0,7,S,U,1014,Mr,623,7,Alone,1,low
650,1,3,female,0,0,7,S,U,1014,Miss,293,3,Alone,1,low
651,0,3,male,0,0,7,S,U,1014,Mr,623,2,Alone,1,low
652,1,2,female,0,1,23,S,U,1014,Miss,293,1,Small,2,veryHigh
653,0,3,male,0,0,8,S,U,1014,Mr,623,2,Alone,1,medium
654,1,3,female,0,0,7,Q,U,1014,Miss,60,0,Alone,1,low
655,0,3,female,0,0,6,Q,U,1014,Miss,60,1,Alone,1,low
656,0,2,male,2,0,73,S,U,1014,Mr,623,3,Small,7,superhigh
657,0,3,male,0,0,7,S,U,1014,Mr,623,4,Alone,1,low
658,0,3,female,1,1,15,Q,U,1014,Mrs,60,6,Small,2,high
659,0,2,male,0,0,13,S,U,1014,Mr,623,3,Alone,1,high
660,0,1,male,0,2,113,C,D,46,Mr,157,9,Small,3,superhigh
661,1,1,male,2,0,133,S,U,1014,Rare,623,9,Small,2,superhigh
662,0,3,male,0,0,7,C,U,1014,Mr,157,8,Alone,1,low
663,0,1,male,0,0,25,S,E,41,Mr,623,8,Alone,1,veryHigh
664,0,3,male,0,0,7,S,U,1014,Mr,623,7,Alone,1,low
665,1,3,male,1,0,7,S,U,1014,Mr,623,2,Small,1,low
666,0,2,male,2,0,73,S,U,1014,Mr,623,6,Small,7,superhigh
667,0,2,male,0,0,13,S,U,1014,Mr,623,3,Alone,1,high
668,0,3,male,0,0,7,S,U,1014,Mr,623,3,Alone,1,low
669,0,3,male,0,0,8,S,U,1014,Mr,623,8,Alone,1,medium
670,1,1,female,1,0,52,S,C,94,Mrs,293,8,Small,2,superhigh
671,1,2,female,1,1,39,S,U,1014,Mrs,293,8,Small,3,veryHigh
672,0,1,male,1,0,52,S,B,65,Mr,623,5,Small,2,superhigh
673,0,2,male,0,0,10,S,U,1014,Mr,623,9,Alone,1,medium
674,1,2,male,0,0,13,S,U,1014,Mr,623,5,Alone,1,high
675,0,2,male,0,0,0,S,U,1014,Mr,623,5,Alone,1,low
676,0,3,male,0,0,7,S,U,1014,Mr,623,1,Alone,1,low
677,0,3,male,0,0,8,S,U,1014,Mr,623,3,Alone,1,medium
678,1,3,female,0,0,9,S,U,1014,Miss,293,1,Alone,1,medium
679,0,3,female,1,6,46,S,U,1014,Mrs,293,8,Large,8,superhigh
680,1,1,male,0,1,512,C,B,65,Mr,157,7,Small,4,superhigh
681,0,3,female,0,0,8,Q,U,1014,Miss,60,2,Alone,1,medium
682,1,1,male,0,0,76,C,D,46,Mr,157,4,Alone,3,superhigh
683,0,3,male,0,0,9,S,U,1014,Mr,623,2,Alone,1,medium
684,0,3,male,5,2,46,S,U,1014,Mr,623,0,Large,8,superhigh
685,0,2,male,1,1,39,S,U,1014,Mr,623,9,Small,3,veryHigh
686,0,2,male,1,2,41,C,U,1014,Mr,157,3,Small,4,veryHigh
687,0,3,male,4,1,39,S,U,1014,Mr,623,0,Medium,7,veryHigh
688,0,3,male,0,0,10,S,U,1014,Mr,623,1,Alone,1,medium
689,0,3,male,0,0,7,S,U,1014,Mr,623,1,Alone,1,low
690,1,1,female,0,1,211,S,B,65,Miss,293,0,Small,4,superhigh
691,1,1,male,1,0,57,S,B,65,Mr,623,5,Small,2,superhigh
692,1,3,female,0,1,13,C,U,1014,Miss,113,0,Small,2,high
693,1,3,male,0,0,56,S,U,1014,Mr,623,2,Alone,8,superhigh
694,0,3,male,0,0,7,C,U,1014,Mr,157,3,Alone,1,low
695,0,1,male,0,0,26,S,U,1014,Rare,623,9,Alone,1,veryHigh
696,0,2,male,0,0,13,S,U,1014,Mr,623,9,Alone,1,high
697,0,3,male,0,0,8,S,U,1014,Mr,623,8,Alone,1,medium
698,1,3,female,0,0,7,Q,U,1014,Miss,60,5,Alone,1,low
699,0,1,male,1,1,110,C,C,94,Mr,157,9,Small,4,superhigh
700,0,3,male,0,0,7,S,F,21,Mr,623,8,Alone,1,low
701,1,1,female,1,0,227,C,C,94,Mrs,113,1,Small,5,superhigh
702,1,1,male,0,0,26,S,E,41,Mr,623,6,Alone,1,veryHigh
703,0,3,female,0,1,14,C,U,1014,Miss,113,1,Small,2,high
704,0,3,male,0,0,7,Q,U,1014,Mr,63,3,Alone,1,low
705,0,3,male,1,0,7,S,U,1014,Mr,623,4,Small,1,low
706,0,2,male,0,0,26,S,U,1014,Mr,623,7,Alone,2,veryHigh
707,1,2,female,0,0,13,S,U,1014,Mrs,293,8,Alone,1,high
708,1,1,male,0,0,26,S,E,41,Mr,623,8,Alone,1,veryHigh
709,1,1,female,0,0,151,S,U,1014,Miss,293,2,Alone,6,superhigh
710,1,3,male,1,1,15,C,U,1014,Master,157,3,Small,3,high
711,1,1,female,0,0,49,C,C,94,Miss,113,3,Alone,1,superhigh
712,0,1,male,0,0,26,S,C,94,Mr,623,2,Alone,1,veryHigh
713,1,1,male,1,0,52,S,C,94,Mr,623,9,Small,2,superhigh
714,0,3,male,0,0,9,S,U,1014,Mr,623,5,Alone,1,medium
715,0,2,male,0,0,13,S,U,1014,Mr,623,9,Alone,2,high
716,0,3,male,0,0,7,S,F,21,Mr,623,1,Alone,1,low
717,1,1,female,0,0,227,C,C,94,Miss,113,7,Alone,5,superhigh
718,1,2,female,0,0,10,S,E,41,Miss,293,4,Alone,1,medium
719,0,3,male,0,0,15,Q,U,1014,Mr,63,7,Alone,2,high
720,0,3,male,0,0,7,S,U,1014,Mr,623,6,Alone,1,low
721,1,2,female,0,1,33,S,U,1014,Miss,293,0,Small,3,veryHigh
722,0,3,male,1,0,7,S,U,1014,Mr,623,1,Small,1,low
723,0,2,male,0,0,13,S,U,1014,Mr,623,6,Alone,1,high
724,0,2,male,0,0,13,S,U,1014,Mr,623,9,Alone,1,high
725,1,1,male,1,0,53,S,E,41,Mr,623,4,Small,2,superhigh
726,0,3,male,0,0,8,S,U,1014,Mr,623,2,Alone,1,medium
727,1,2,female,3,0,21,S,U,1014,Mrs,293,5,Small,2,high
728,1,3,female,0,0,7,Q,U,1014,Miss,60,0,Alone,1,low
729,0,2,male,1,0,26,S,U,1014,Mr,623,3,Small,2,veryHigh
730,0,3,female,1,0,7,S,U,1014,Miss,293,3,Small,1,low
731,1,1,female,0,0,211,S,B,65,Miss,293,5,Alone,4,superhigh
732,0,3,male,0,0,18,C,U,1014,Mr,157,0,Alone,2,high
733,0,2,male,0,0,0,S,U,1014,Mr,623,8,Alone,1,low
734,0,2,male,0,0,13,S,U,1014,Mr,623,3,Alone,1,high
735,0,2,male,0,0,13,S,U,1014,Mr,623,3,Alone,1,high
736,0,3,male,0,0,16,S,U,1014,Mr,623,4,Alone,2,high
737,0,3,female,1,3,34,S,U,1014,Mrs,293,9,Medium,5,veryHigh
738,1,1,male,0,0,512,C,B,65,Mr,157,6,Alone,4,superhigh
739,0,3,male,0,0,7,S,U,1014,Mr,623,7,Alone,1,low
740,0,3,male,0,0,7,S,U,1014,Mr,623,7,Alone,1,low
741,1,1,male,0,0,30,S,D,46,Mr,623,8,Alone,1,veryHigh
742,0,1,male,1,0,78,S,C,94,Mr,623,7,Small,3,superhigh
743,1,1,female,2,2,262,C,B,65,Miss,113,2,Medium,7,superhigh
744,0,3,male,1,0,16,S,U,1014,Mr,623,3,Small,2,high
745,1,3,male,0,0,7,S,U,1014,Mr,623,5,Alone,1,low
746,0,1,male,1,1,71,S,B,65,Rare,623,9,Small,2,superhigh
747,0,3,male,1,1,20,S,U,1014,Mr,623,1,Small,3,high
748,1,2,female,0,0,13,S,U,1014,Miss,293,5,Alone,1,high
749,0,1,male,1,0,53,S,D,46,Mr,623,1,Small,2,superhigh
750,0,3,male,0,0,7,Q,U,1014,Mr,63,5,Alone,1,low
751,1,2,female,1,1,23,S,U,1014,Miss,293,0,Small,3,veryHigh
752,1,3,male,0,1,12,S,E,41,Master,623,0,Small,2,high
753,0,3,male,0,0,9,S,U,1014,Mr,623,6,Alone,1,medium
754,0,3,male,0,0,7,S,U,1014,Mr,623,3,Alone,1,low
755,1,2,female,1,2,65,S,U,1014,Mrs,293,9,Small,5,superhigh
756,1,2,male,1,1,14,S,U,1014,Master,623,0,Small,2,high
757,0,3,male,0,0,7,S,U,1014,Mr,623,4,Alone,1,low
758,0,2,male,0,0,11,S,U,1014,Mr,623,1,Alone,1,high
759,0,3,male,0,0,8,S,U,1014,Mr,623,6,Alone,1,medium
760,1,1,female,0,0,86,S,B,65,Rare,293,6,Alone,3,superhigh
761,0,3,male,0,0,14,S,U,1014,Mr,623,7,Alone,2,high
762,0,3,male,0,0,7,S,U,1014,Mr,623,8,Alone,1,low
763,1,3,male,0,0,7,C,U,1014,Mr,157,2,Alone,1,low
764,1,1,female,1,2,120,S,B,65,Mrs,293,7,Small,4,superhigh
765,0,3,male,0,0,7,S,U,1014,Mr,623,1,Alone,1,low
766,1,1,female,1,0,77,S,D,46,Mrs,293,9,Small,3,superhigh
767,0,1,male,0,0,39,C,U,1014,Rare,157,1,Alone,1,veryHigh
768,0,3,female,0,0,7,Q,U,1014,Miss,60,5,Alone,1,low
769,0,3,male,1,0,24,Q,U,1014,Mr,63,5,Small,3,veryHigh
770,0,3,male,0,0,8,S,U,1014,Mr,623,6,Alone,1,medium
771,0,3,male,0,0,9,S,U,1014,Mr,623,3,Alone,1,medium
772,0,3,male,0,0,7,S,U,1014,Mr,623,9,Alone,1,low
773,0,2,female,0,0,10,S,E,41,Mrs,293,9,Alone,2,medium
774,0,3,male,0,0,7,C,U,1014,Mr,157,5,Alone,1,low
775,1,2,female,1,3,23,S,U,1014,Mrs,293,9,Medium,2,veryHigh
776,0,3,male,0,0,7,S,U,1014,Mr,623,1,Alone,1,low
777,0,3,male,0,0,7,Q,F,21,Mr,63,8,Alone,1,low
778,1,3,female,0,0,12,S,U,1014,Miss,293,0,Alone,2,high
779,0,3,male,0,0,7,Q,U,1014,Mr,63,1,Alone,1,low
780,1,1,female,0,1,211,S,B,65,Mrs,293,8,Small,4,superhigh
781,1,3,female,0,0,7,C,U,1014,Miss,113,0,Alone,1,low
782,1,1,female,1,0,57,S,B,65,Mrs,293,1,Small,2,superhigh
783,0,1,male,0,0,30,S,D,46,Mr,623,5,Alone,1,veryHigh
784,0,3,male,1,2,23,S,U,1014,Mr,623,6,Small,4,veryHigh
785,0,3,male,0,0,7,S,U,1014,Mr,623,3,Alone,1,low
786,0,3,male,0,0,7,S,U,1014,Mr,623,3,Alone,1,low
787,1,3,female,0,0,7,S,U,1014,Miss,293,1,Alone,1,low
788,0,3,male,4,1,29,Q,U,1014,Master,63,0,Medium,6,veryHigh
789,1,3,male,1,2,20,S,U,1014,Master,623,0,Small,4,high
790,0,1,male,0,0,79,C,B,65,Mr,157,8,Alone,2,superhigh
791,0,3,male,0,0,7,Q,U,1014,Mr,63,2,Alone,1,low
792,0,2,male,0,0,26,S,U,1014,Mr,623,1,Alone,2,veryHigh
793,0,3,female,8,2,69,S,U,1014,Miss,293,8,Large,11,superhigh
794,0,1,male,0,0,30,C,U,1014,Mr,157,6,Alone,1,veryHigh
795,0,3,male,0,0,7,S,U,1014,Mr,623,3,Alone,1,low
796,0,2,male,0,0,13,S,U,1014,Mr,623,7,Alone,1,high
797,1,1,female,0,0,25,S,D,46,Rare,293,9,Alone,1,veryHigh
798,1,3,female,0,0,8,S,U,1014,Mrs,293,5,Alone,1,medium
799,0,3,male,0,0,7,C,U,1014,Mr,157,5,Alone,1,low
800,0,3,female,1,1,24,S,U,1014,Mrs,293,5,Small,3,veryHigh
801,0,2,male,0,0,13,S,U,1014,Mr,623,6,Alone,2,high
802,1,2,female,1,1,26,S,U,1014,Mrs,293,5,Small,3,veryHigh
803,1,1,male,1,2,120,S,B,65,Master,623,0,Small,4,superhigh
804,1,3,male,0,1,8,C,U,1014,Master,157,0,Small,2,medium
805,1,3,male,0,0,6,S,U,1014,Mr,623,4,Alone,1,low
806,0,3,male,0,0,7,S,U,1014,Mr,623,5,Alone,1,low
807,0,1,male,0,0,0,S,A,22,Mr,623,7,Alone,1,low
808,0,3,female,0,0,7,S,U,1014,Miss,293,1,Alone,1,low
809,0,2,male,0,0,13,S,U,1014,Mr,623,7,Alone,1,high
810,1,1,female,1,0,53,S,E,41,Mrs,293,6,Small,2,superhigh
811,0,3,male,0,0,7,S,U,1014,Mr,623,4,Alone,1,low
812,0,3,male,0,0,24,S,U,1014,Mr,623,7,Alone,3,veryHigh
813,0,2,male,0,0,10,S,U,1014,Mr,623,6,Alone,1,medium
814,0,3,female,4,2,31,S,U,1014,Miss,293,0,Large,7,veryHigh
815,0,3,male,0,0,8,S,U,1014,Mr,623,5,Alone,1,medium
816,0,1,male,0,0,0,S,B,65,Mr,623,3,Alone,2,low
817,0,3,female,0,0,7,S,U,1014,Miss,293,3,Alone,1,low
818,0,2,male,1,1,37,C,U,1014,Mr,157,5,Small,3,veryHigh
819,0,3,male,0,0,6,S,U,1014,Mr,623,8,Alone,1,low
820,0,3,male,3,2,27,S,U,1014,Master,623,0,Medium,6,veryHigh
821,1,1,female,1,1,93,S,B,65,Mrs,293,9,Small,4,superhigh
822,1,3,male,0,0,8,S,U,1014,Mr,623,4,Alone,1,medium
823,0,1,male,0,0,0,S,U,1014,Rare,623,7,Alone,1,low
824,1,3,female,0,1,12,S,E,41,Mrs,293,4,Small,2,high
825,0,3,male,4,1,39,S,U,1014,Master,623,0,Medium,7,veryHigh
826,0,3,male,0,0,6,Q,U,1014,Mr,63,2,Alone,1,low
827,0,3,male,0,0,56,S,U,1014,Mr,623,7,Alone,8,superhigh
828,1,2,male,0,2,37,C,U,1014,Master,157,0,Small,3,veryHigh
829,1,3,male,0,0,7,Q,U,1014,Mr,63,1,Alone,1,low
830,1,1,female,0,0,80,S,B,65,Mrs,293,9,Alone,2,superhigh
831,1,3,female,1,0,14,C,U,1014,Mrs,113,0,Small,2,high
832,1,2,male,1,1,18,S,U,1014,Master,623,0,Small,3,high
833,0,3,male,0,0,7,C,U,1014,Mr,157,2,Alone,1,low
834,0,3,male,0,0,7,S,U,1014,Mr,623,3,Alone,1,low
835,0,3,male,0,0,8,S,U,1014,Mr,623,1,Alone,1,medium
836,1,1,female,1,1,83,C,E,41,Miss,113,7,Small,3,superhigh
837,0,3,male,0,0,8,S,U,1014,Mr,623,2,Alone,1,medium
838,0,3,male,0,0,8,S,U,1014,Mr,623,5,Alone,1,medium
839,1,3,male,0,0,56,S,U,1014,Mr,623,6,Alone,8,superhigh
840,1,1,male,0,0,29,C,C,94,Mr,157,5,Alone,1,veryHigh
841,0,3,male,0,0,7,S,U,1014,Mr,623,2,Alone,1,low
842,0,2,male,0,0,10,S,U,1014,Mr,623,1,Alone,2,medium
843,1,1,female,0,0,31,C,U,1014,Miss,113,5,Alone,2,veryHigh
844,0,3,male,0,0,6,C,U,1014,Mr,157,6,Alone,1,low
845,0,3,male,0,0,8,S,U,1014,Mr,623,1,Alone,1,medium
846,0,3,male,0,0,7,S,U,1014,Mr,623,8,Alone,1,low
847,0,3,male,8,2,69,S,U,1014,Mr,623,6,Large,11,superhigh
848,0,3,male,0,0,7,C,U,1014,Mr,157,6,Alone,1,low
849,0,2,male,0,1,33,S,U,1014,Rare,623,4,Small,3,veryHigh
850,1,1,female,1,0,89,C,C,94,Mrs,113,4,Small,2,superhigh
851,0,3,male,4,2,31,S,U,1014,Master,623,0,Large,7,veryHigh
852,0,3,male,0,0,7,S,U,1014,Mr,623,9,Alone,1,low
853,0,3,female,1,1,15,C,U,1014,Miss,113,0,Small,3,high
854,1,1,female,0,1,39,S,D,46,Miss,293,1,Small,2,veryHigh
855,0,2,female,1,0,26,S,U,1014,Mrs,293,8,Small,2,veryHigh
856,1,3,female,0,1,9,S,U,1014,Mrs,293,1,Small,2,medium
857,1,1,female,1,1,164,S,U,1014,Mrs,293,8,Small,4,superhigh
858,1,1,male,0,0,26,S,E,41,Mr,623,9,Alone,1,veryHigh
859,1,3,female,0,3,19,C,U,1014,Mrs,113,3,Small,4,high
860,0,3,male,0,0,7,C,U,1014,Mr,157,7,Alone,1,low
861,0,3,male,2,0,14,S,U,1014,Mr,623,8,Small,2,high
862,0,2,male,1,0,11,S,U,1014,Mr,623,2,Small,1,high
863,1,1,female,0,0,25,S,D,46,Mrs,293,9,Alone,1,veryHigh
864,0,3,female,8,2,69,S,U,1014,Miss,293,5,Large,11,superhigh
865,0,2,male,0,0,13,S,U,1014,Mr,623,3,Alone,1,high
866,1,2,female,0,0,13,S,U,1014,Mrs,293,8,Alone,1,high
867,1,2,female,1,0,13,C,U,1014,Miss,113,4,Small,1,high
868,0,1,male,0,0,50,S,A,22,Mr,623,5,Alone,1,superhigh
869,0,3,male,0,0,9,S,U,1014,Mr,623,4,Alone,1,medium
870,1,3,male,1,1,11,S,U,1014,Master,623,0,Small,3,high
871,0,3,male,0,0,7,S,U,1014,Mr,623,4,Alone,1,low
872,1,1,female,1,1,52,S,D,46,Mrs,293,8,Small,2,superhigh
873,0,1,male,0,0,5,S,B,65,Mr,623,6,Alone,1,low
874,0,3,male,0,0,9,S,U,1014,Mr,623,8,Alone,1,medium
875,1,2,female,1,0,24,C,U,1014,Mrs,113,4,Small,2,veryHigh
876,1,3,female,0,0,7,C,U,1014,Miss,113,0,Alone,1,low
877,0,3,male,0,0,9,S,U,1014,Mr,623,2,Alone,2,medium
878,0,3,male,0,0,7,S,U,1014,Mr,623,1,Alone,1,low
879,0,3,male,0,0,7,S,U,1014,Mr,623,1,Alone,1,low
880,1,1,female,0,1,83,C,C,94,Mrs,113,9,Small,3,superhigh
881,1,2,female,0,1,26,S,U,1014,Mrs,293,3,Small,2,veryHigh
882,0,3,male,0,0,7,S,U,1014,Mr,623,6,Alone,1,low
883,0,3,female,0,0,10,S,U,1014,Miss,293,2,Alone,1,medium
884,0,2,male,0,0,10,S,U,1014,Mr,623,4,Alone,1,medium
885,0,3,male,0,0,7,S,U,1014,Mr,623,3,Alone,1,low
886,0,3,female,0,5,29,Q,U,1014,Mrs,60,7,Medium,6,veryHigh
887,0,2,male,0,0,13,S,U,1014,Rare,623,4,Alone,1,high
888,1,1,female,0,0,30,S,B,65,Miss,293,1,Alone,1,veryHigh
889,0,3,female,1,2,23,S,U,1014,Miss,293,3,Small,4,veryHigh
890,1,1,male,0,0,30,C,C,94,Mr,157,4,Alone,1,veryHigh
891,0,3,male,0,0,7,Q,U,1014,Mr,63,6,Alone,1,low
892,-1,3,male,0,0,7,Q,U,1014,Mr,63,6,Alone,1,low
893,-1,3,female,1,0,7,S,U,1014,Mrs,293,8,Small,1,low
894,-1,2,male,0,0,9,Q,U,1014,Mr,63,9,Alone,1,medium
895,-1,3,male,0,0,8,S,U,1014,Mr,623,4,Alone,1,medium
896,-1,3,female,1,1,12,S,U,1014,Mrs,293,2,Small,2,high
897,-1,3,male,0,0,9,S,U,1014,Mr,623,0,Alone,1,medium
898,-1,3,female,0,0,7,Q,U,1014,Miss,60,5,Alone,1,low
899,-1,2,male,1,1,29,S,U,1014,Mr,623,4,Small,3,veryHigh
900,-1,3,female,0,0,7,C,U,1014,Mrs,113,1,Alone,1,low
901,-1,3,male,2,0,24,S,U,1014,Mr,623,2,Small,3,veryHigh
902,-1,3,male,0,0,7,S,U,1014,Mr,623,1,Alone,1,low
903,-1,1,male,0,0,26,S,U,1014,Mr,623,8,Alone,1,veryHigh
904,-1,1,female,1,0,82,S,B,65,Mrs,293,3,Small,2,superhigh
905,-1,2,male,1,0,26,S,U,1014,Mr,623,9,Small,2,veryHigh
906,-1,1,female,1,0,61,S,E,41,Mrs,293,8,Small,2,superhigh
907,-1,2,female,1,0,27,C,U,1014,Mrs,113,3,Small,2,veryHigh
908,-1,2,male,0,0,12,Q,U,1014,Mr,63,6,Alone,1,high
909,-1,3,male,0,0,7,C,U,1014,Mr,157,2,Alone,1,low
910,-1,3,female,1,0,7,S,U,1014,Miss,293,4,Small,1,low
911,-1,3,female,0,0,7,C,U,1014,Mrs,113,8,Alone,1,low
912,-1,1,male,1,0,59,C,U,1014,Mr,157,9,Small,2,superhigh
913,-1,3,male,0,1,3,S,U,1014,Master,623,0,Small,1,low
914,-1,1,female,0,0,31,S,U,1014,Mrs,293,1,Alone,1,veryHigh
915,-1,1,male,0,1,61,C,U,1014,Mr,157,2,Small,2,superhigh
916,-1,1,female,1,3,262,C,B,65,Mrs,113,9,Medium,7,superhigh
917,-1,3,male,1,0,14,S,U,1014,Mr,623,9,Small,2,high
918,-1,1,female,0,1,61,C,B,65,Miss,113,2,Small,2,superhigh
919,-1,3,male,0,0,7,C,U,1014,Mr,157,2,Alone,1,low
920,-1,1,male,0,0,30,S,A,22,Mr,623,8,Alone,1,veryHigh
921,-1,3,male,2,0,21,C,U,1014,Mr,157,7,Small,3,high
922,-1,2,male,1,0,26,S,U,1014,Mr,623,9,Small,2,veryHigh
923,-1,2,male,2,0,31,S,U,1014,Mr,623,3,Small,3,veryHigh
924,-1,3,female,1,2,20,S,U,1014,Mrs,293,6,Small,4,high
925,-1,3,female,1,2,23,S,U,1014,Mrs,293,1,Small,4,veryHigh
926,-1,1,male,1,0,57,C,C,94,Mr,157,5,Small,2,superhigh
927,-1,3,male,0,0,7,C,U,1014,Mr,157,1,Alone,1,low
928,-1,3,female,0,0,8,S,U,1014,Miss,293,1,Alone,1,medium
929,-1,3,female,0,0,8,S,U,1014,Miss,293,2,Alone,1,medium
930,-1,3,male,0,0,9,S,U,1014,Mr,623,4,Alone,1,medium
931,-1,3,male,0,0,56,S,U,1014,Mr,623,1,Alone,8,superhigh
932,-1,3,male,0,1,13,C,U,1014,Mr,157,7,Small,2,high
933,-1,1,male,0,0,26,S,D,46,Mr,623,3,Alone,1,veryHigh
934,-1,3,male,0,0,7,S,U,1014,Mr,623,8,Alone,1,low
935,-1,2,female,0,0,13,S,U,1014,Mrs,293,5,Alone,1,high
936,-1,1,female,1,0,52,S,D,46,Mrs,293,8,Small,2,superhigh
937,-1,3,male,0,0,7,S,U,1014,Mr,623,4,Alone,1,low
938,-1,1,male,0,0,29,C,A,22,Mr,157,8,Alone,1,veryHigh
939,-1,3,male,0,0,7,Q,U,1014,Mr,63,7,Alone,1,low
940,-1,1,female,0,0,76,C,D,46,Mrs,113,9,Alone,2,superhigh
941,-1,3,female,0,2,15,S,U,1014,Mrs,293,7,Small,3,high
942,-1,1,male,1,0,60,S,C,94,Mr,623,3,Small,2,superhigh
943,-1,2,male,0,0,15,C,U,1014,Mr,157,4,Alone,1,high
944,-1,2,female,2,1,23,S,U,1014,Miss,293,2,Small,2,veryHigh
945,-1,1,female,3,2,263,S,C,94,Miss,293,4,Medium,6,superhigh
946,-1,2,male,0,0,15,C,U,1014,Mr,157,2,Alone,1,high
947,-1,3,male,4,1,29,Q,U,1014,Master,63,0,Medium,6,veryHigh
948,-1,3,male,0,0,7,S,U,1014,Mr,623,6,Alone,1,low
949,-1,3,male,0,0,7,S,F,21,Mr,623,4,Alone,1,low
950,-1,3,male,1,0,16,S,U,1014,Mr,623,8,Small,2,high
951,-1,1,female,0,0,262,C,B,65,Miss,113,7,Alone,7,superhigh
952,-1,3,male,0,0,7,S,U,1014,Mr,623,1,Alone,1,low
953,-1,2,male,0,0,13,S,U,1014,Mr,623,6,Alone,1,high
954,-1,3,male,0,0,7,S,U,1014,Mr,623,1,Alone,1,low
955,-1,3,female,0,0,7,Q,U,1014,Miss,60,2,Alone,1,low
956,-1,1,male,2,2,262,C,B,65,Master,157,0,Medium,7,superhigh
957,-1,2,female,0,0,21,S,U,1014,Mrs,293,5,Alone,2,high
958,-1,3,female,0,0,7,Q,U,1014,Miss,60,1,Alone,1,low
959,-1,1,male,0,0,42,S,U,1014,Mr,623,8,Alone,2,superhigh
960,-1,1,male,0,0,28,C,C,94,Mr,157,5,Alone,1,veryHigh
961,-1,1,female,1,4,263,S,C,94,Mrs,293,9,Medium,6,superhigh
962,-1,3,female,0,0,7,Q,U,1014,Miss,60,3,Alone,1,low
963,-1,3,male,0,0,7,S,U,1014,Mr,623,2,Alone,1,low
964,-1,3,female,0,0,7,S,U,1014,Miss,293,5,Alone,1,low
965,-1,1,male,0,0,27,C,D,46,Mr,157,4,Alone,1,veryHigh
966,-1,1,female,0,0,211,C,C,94,Miss,113,6,Alone,5,superhigh
967,-1,1,male,0,0,211,C,C,94,Mr,157,6,Alone,5,superhigh
968,-1,3,male,0,0,8,S,U,1014,Mr,623,6,Alone,1,medium
969,-1,1,female,2,0,25,S,C,94,Mrs,293,9,Small,1,veryHigh
970,-1,2,male,0,0,13,S,U,1014,Mr,623,5,Alone,1,high
971,-1,3,female,0,0,7,Q,U,1014,Miss,60,3,Alone,1,low
972,-1,3,male,1,1,15,C,U,1014,Master,157,0,Small,3,high
973,-1,1,male,1,0,221,S,C,94,Mr,623,9,Small,4,superhigh
974,-1,1,male,0,0,26,S,U,1014,Mr,623,9,Alone,1,veryHigh
975,-1,3,male,0,0,7,S,U,1014,Mr,623,6,Alone,1,low
976,-1,2,male,0,0,10,Q,U,1014,Mr,63,2,Alone,1,medium
977,-1,3,male,1,0,14,C,U,1014,Mr,157,4,Small,2,high
978,-1,3,female,0,0,7,Q,U,1014,Miss,60,4,Alone,1,low
979,-1,3,female,0,0,8,S,U,1014,Miss,293,1,Alone,1,medium
980,-1,3,female,0,0,7,Q,U,1014,Miss,60,1,Alone,1,low
981,-1,2,male,1,1,23,S,U,1014,Master,623,0,Small,3,veryHigh
982,-1,3,female,1,0,13,S,U,1014,Mrs,293,2,Small,2,high
983,-1,3,male,0,0,7,S,U,1014,Mr,623,7,Alone,1,low
984,-1,1,female,1,2,52,S,B,65,Mrs,293,4,Small,2,superhigh
985,-1,3,male,0,0,8,S,U,1014,Mr,623,6,Alone,1,medium
986,-1,1,male,0,0,26,C,U,1014,Mr,157,4,Alone,1,veryHigh
987,-1,3,male,0,0,7,S,U,1014,Mr,623,4,Alone,1,low
988,-1,1,female,1,0,78,S,C,94,Mrs,293,9,Small,3,superhigh
989,-1,3,male,0,0,7,S,U,1014,Mr,623,5,Alone,1,low
990,-1,3,female,0,0,7,S,U,1014,Miss,293,2,Alone,1,low
991,-1,3,male,0,0,8,S,U,1014,Mr,623,6,Alone,1,medium
992,-1,1,female,1,0,55,C,C,94,Mrs,113,8,Small,2,superhigh
993,-1,2,male,1,0,26,S,U,1014,Mr,623,4,Small,2,veryHigh
994,-1,3,male,0,0,7,Q,U,1014,Mr,63,6,Alone,1,low
995,-1,3,male,0,0,7,S,U,1014,Mr,623,4,Alone,1,low
996,-1,3,female,1,1,8,C,U,1014,Mrs,113,1,Small,2,medium
997,-1,3,male,0,0,22,S,U,1014,Mr,623,4,Alone,3,veryHigh
998,-1,3,male,0,0,7,Q,U,1014,Mr,63,2,Alone,1,low
999,-1,3,male,0,0,7,Q,U,1014,Mr,63,4,Alone,1,low
1000,-1,3,male,0,0,8,S,U,1014,Mr,623,6,Alone,1,medium
1001,-1,2,male,0,0,13,S,F,21,Mr,623,1,Alone,1,high
1002,-1,2,male,0,0,15,C,U,1014,Mr,157,8,Alone,1,high
1003,-1,3,female,0,0,7,Q,U,1014,Miss,60,6,Alone,1,low
1004,-1,1,female,0,0,31,C,A,22,Miss,113,7,Alone,1,veryHigh
1005,-1,3,female,0,0,7,Q,U,1014,Miss,60,1,Alone,1,low
1006,-1,1,female,1,0,221,S,C,94,Mrs,293,9,Small,4,superhigh
1007,-1,3,male,1,0,14,C,U,1014,Mr,157,1,Small,2,high
1008,-1,3,male,0,0,6,C,U,1014,Mr,157,6,Alone,1,low
1009,-1,3,female,1,1,16,S,G,5,Miss,293,0,Small,3,high
1010,-1,1,male,0,0,75,C,C,94,Mr,157,7,Alone,2,superhigh
1011,-1,2,female,1,0,26,S,U,1014,Mrs,293,5,Small,2,veryHigh
1012,-1,2,female,0,0,15,S,U,1014,Miss,293,0,Alone,2,high
1013,-1,3,male,1,0,7,Q,U,1014,Mr,63,2,Small,1,low
1014,-1,1,female,1,0,57,C,C,94,Mrs,113,6,Small,2,superhigh
1015,-1,3,male,0,0,7,S,U,1014,Mr,623,4,Alone,1,low
1016,-1,3,male,0,0,7,Q,U,1014,Mr,63,8,Alone,1,low
1017,-1,3,female,0,1,16,S,U,1014,Miss,293,1,Small,2,high
1018,-1,3,male,0,0,7,S,U,1014,Mr,623,2,Alone,1,low
1019,-1,3,female,2,0,23,Q,U,1014,Miss,60,6,Small,3,veryHigh
1020,-1,2,male,0,0,13,S,U,1014,Mr,623,8,Alone,1,high
1021,-1,3,male,0,0,8,S,U,1014,Mr,623,3,Alone,1,medium
1022,-1,3,male,0,0,8,S,U,1014,Mr,623,6,Alone,1,medium
1023,-1,1,male,0,0,28,C,C,94,Rare,157,9,Alone,1,veryHigh
1024,-1,3,female,0,4,25,S,U,1014,Mrs,293,2,Medium,5,veryHigh
1025,-1,3,male,1,0,6,C,U,1014,Mr,157,8,Small,1,low
1026,-1,3,male,0,0,7,S,U,1014,Mr,623,8,Alone,1,low
1027,-1,3,male,0,0,7,S,U,1014,Mr,623,3,Alone,1,low
1028,-1,3,male,0,0,7,C,U,1014,Mr,157,4,Alone,1,low
1029,-1,2,male,0,0,13,S,U,1014,Mr,623,4,Alone,1,high
1030,-1,3,female,0,0,8,S,U,1014,Miss,293,3,Alone,1,medium
1031,-1,3,male,1,6,46,S,U,1014,Mr,623,8,Large,8,superhigh
1032,-1,3,female,5,2,46,S,U,1014,Miss,293,0,Large,8,superhigh
1033,-1,1,female,0,0,151,S,U,1014,Miss,293,6,Alone,6,superhigh
1034,-1,1,male,1,3,262,C,B,65,Mr,157,9,Medium,7,superhigh
1035,-1,2,male,0,0,26,S,U,1014,Mr,623,4,Alone,2,veryHigh
1036,-1,1,male,0,0,26,S,U,1014,Mr,623,8,Alone,1,veryHigh
1037,-1,3,male,3,0,18,S,U,1014,Mr,623,5,Small,2,high
1038,-1,1,male,0,0,51,S,E,41,Mr,623,4,Alone,2,superhigh
1039,-1,3,male,0,0,8,S,U,1014,Mr,623,2,Alone,1,medium
1040,-1,1,male,0,0,26,S,U,1014,Mr,623,1,Alone,1,veryHigh
1041,-1,2,male,1,1,26,S,U,1014,Rare,623,5,Small,2,veryHigh
1042,-1,1,female,0,1,83,C,C,94,Mrs,113,3,Small,3,superhigh
1043,-1,3,male,0,0,7,C,U,1014,Mr,157,7,Alone,1,low
1044,-1,3,male,0,0,14,S,U,1014,Mr,623,9,Alone,1,high
1045,-1,3,female,0,2,12,S,U,1014,Mrs,293,7,Small,2,high
1046,-1,3,male,4,2,31,S,U,1014,Master,623,0,Large,7,veryHigh
1047,-1,3,male,0,0,7,S,U,1014,Mr,623,3,Alone,1,low
1048,-1,1,female,0,0,221,S,C,94,Miss,293,5,Alone,4,superhigh
1049,-1,3,female,0,0,7,S,U,1014,Miss,293,3,Alone,1,low
1050,-1,1,male,0,0,26,S,D,46,Mr,623,8,Alone,1,veryHigh
1051,-1,3,female,0,2,13,S,U,1014,Mrs,293,4,Small,3,high
1052,-1,3,female,0,0,7,Q,U,1014,Miss,60,1,Alone,1,low
1053,-1,3,male,1,1,15,C,U,1014,Master,157,0,Small,3,high
1054,-1,2,female,0,0,13,S,U,1014,Miss,293,4,Alone,1,high
1055,-1,3,male,0,0,7,S,U,1014,Mr,623,4,Alone,1,low
1056,-1,2,male,0,0,13,S,U,1014,Rare,623,8,Alone,1,high
1057,-1,3,female,1,1,22,S,U,1014,Mrs,293,4,Small,3,veryHigh
1058,-1,1,male,0,0,50,C,B,65,Mr,157,9,Alone,1,superhigh
1059,-1,3,male,2,2,34,S,U,1014,Mr,623,1,Medium,5,veryHigh
1060,-1,1,female,0,0,27,C,U,1014,Mrs,113,5,Alone,1,veryHigh
1061,-1,3,female,0,0,8,S,U,1014,Miss,293,2,Alone,1,medium
1062,-1,3,male,0,0,7,S,U,1014,Mr,623,2,Alone,1,low
1063,-1,3,male,0,0,7,C,U,1014,Mr,157,4,Alone,1,low
1064,-1,3,male,1,0,13,S,U,1014,Mr,623,3,Small,2,high
1065,-1,3,male,0,0,7,C,U,1014,Mr,157,5,Alone,1,low
1066,-1,3,male,1,5,31,S,U,1014,Mr,623,8,Large,7,veryHigh
1067,-1,2,female,0,2,39,S,U,1014,Miss,293,0,Small,3,veryHigh
1068,-1,2,female,0,0,36,S,U,1014,Miss,293,2,Alone,4,veryHigh
1069,-1,1,male,1,0,55,C,C,94,Mr,157,9,Small,2,superhigh
1070,-1,2,female,0,3,39,S,F,21,Mrs,293,7,Small,4,veryHigh
1071,-1,1,female,0,2,83,C,E,41,Mrs,113,9,Small,3,superhigh
1072,-1,2,male,0,0,13,S,U,1014,Mr,623,5,Alone,1,high
1073,-1,1,male,1,1,83,C,E,41,Mr,157,7,Small,3,superhigh
1074,-1,1,female,1,0,53,S,D,46,Mrs,293,1,Small,2,superhigh
1075,-1,3,male,0,0,7,Q,U,1014,Mr,63,8,Alone,1,low
1076,-1,1,female,1,1,247,C,B,65,Mrs,113,4,Small,3,superhigh
1077,-1,2,male,0,0,16,S,U,1014,Mr,623,8,Alone,1,high
1078,-1,2,female,0,1,21,S,U,1014,Miss,293,2,Small,2,high
1079,-1,3,male,2,0,8,S,U,1014,Mr,623,1,Small,1,medium
1080,-1,3,female,8,2,69,S,U,1014,Miss,293,4,Large,11,superhigh
1081,-1,2,male,0,0,13,S,U,1014,Mr,623,8,Alone,1,high
1082,-1,2,male,1,0,26,S,U,1014,Mr,623,6,Small,2,veryHigh
1083,-1,1,male,0,0,26,S,U,1014,Mr,623,1,Alone,1,veryHigh
1084,-1,3,male,1,1,14,S,U,1014,Master,623,0,Small,3,high
1085,-1,2,male,0,0,12,Q,U,1014,Mr,63,9,Alone,1,high
1086,-1,2,male,0,2,32,S,U,1014,Master,623,0,Small,3,veryHigh
1087,-1,3,male,0,0,7,S,U,1014,Mr,623,6,Alone,1,low
1088,-1,1,male,0,2,134,C,E,41,Master,157,0,Small,5,superhigh
1089,-1,3,female,0,0,7,S,U,1014,Miss,293,1,Alone,1,low
1090,-1,2,male,0,0,10,S,U,1014,Mr,623,3,Alone,1,medium
1091,-1,3,female,0,0,8,S,U,1014,Mrs,293,5,Alone,1,medium
1092,-1,3,female,0,0,15,Q,U,1014,Miss,60,7,Alone,2,high
1093,-1,3,male,0,2,14,S,U,1014,Master,623,0,Small,3,high
1094,-1,1,male,1,0,227,C,C,94,Rare,157,8,Small,5,superhigh
1095,-1,2,female,1,1,26,S,U,1014,Miss,293,0,Small,3,veryHigh
1096,-1,2,male,0,0,10,S,U,1014,Mr,623,4,Alone,1,medium
1097,-1,1,male,0,0,25,C,U,1014,Mr,157,5,Alone,1,veryHigh
1098,-1,3,female,0,0,7,Q,U,1014,Miss,60,6,Alone,1,low
1099,-1,2,male,0,0,10,S,U,1014,Mr,623,3,Alone,1,medium
1100,-1,1,female,0,0,27,C,A,22,Miss,113,6,Alone,1,veryHigh
1101,-1,3,male,0,0,7,S,U,1014,Mr,623,4,Alone,1,low
1102,-1,3,male,0,0,22,S,U,1014,Mr,623,6,Alone,3,veryHigh
1103,-1,3,male,0,0,7,S,U,1014,Mr,623,5,Alone,1,low
1104,-1,2,male,0,0,73,S,U,1014,Mr,623,1,Alone,7,superhigh
1105,-1,2,female,1,0,26,S,U,1014,Mrs,293,9,Small,2,veryHigh
1106,-1,3,female,4,2,7,S,U,1014,Miss,293,7,Large,1,low
1107,-1,1,male,0,0,42,S,B,65,Mr,623,8,Alone,1,superhigh
1108,-1,3,female,0,0,7,Q,U,1014,Miss,60,2,Alone,1,low
1109,-1,1,male,1,1,164,S,U,1014,Mr,623,9,Small,4,superhigh
1110,-1,1,female,1,1,211,C,C,94,Mrs,113,9,Small,5,superhigh
1111,-1,3,male,0,0,8,S,U,1014,Mr,623,1,Alone,1,medium
1112,-1,2,female,1,0,13,C,U,1014,Miss,113,5,Small,1,high
1113,-1,3,male,0,0,8,S,U,1014,Mr,623,2,Alone,1,medium
1114,-1,2,female,0,0,10,S,F,21,Mrs,293,2,Alone,1,medium
1115,-1,3,male,0,0,7,S,U,1014,Mr,623,2,Alone,1,low
1116,-1,1,female,0,0,27,C,U,1014,Mrs,113,9,Alone,1,veryHigh
1117,-1,3,female,0,2,15,C,U,1014,Mrs,113,3,Small,3,high
1118,-1,3,male,0,0,7,S,U,1014,Mr,623,3,Alone,1,low
1119,-1,3,female,0,0,7,Q,U,1014,Miss,60,5,Alone,1,low
1120,-1,3,male,0,0,15,S,U,1014,Mr,623,8,Alone,2,high
1121,-1,2,male,0,0,13,S,U,1014,Mr,623,7,Alone,1,high
1122,-1,2,male,0,0,65,S,U,1014,Mr,623,0,Alone,5,superhigh
1123,-1,1,female,0,0,26,S,U,1014,Miss,293,2,Alone,1,veryHigh
1124,-1,3,male,1,0,6,S,U,1014,Mr,623,2,Small,1,low
1125,-1,3,male,0,0,7,Q,U,1014,Mr,63,1,Alone,1,low
1126,-1,1,male,1,0,71,C,C,94,Mr,157,7,Small,2,superhigh
1127,-1,3,male,0,0,7,S,U,1014,Mr,623,2,Alone,1,low
1128,-1,1,male,1,0,75,C,D,46,Mr,157,9,Small,2,superhigh
1129,-1,3,male,0,0,7,C,U,1014,Mr,157,2,Alone,1,low
1130,-1,2,female,1,1,13,S,U,1014,Miss,293,1,Small,1,high
1131,-1,1,female,1,0,106,C,C,94,Mrs,113,9,Small,3,superhigh
1132,-1,1,female,0,0,27,C,U,1014,Mrs,113,9,Alone,1,veryHigh
1133,-1,2,female,0,2,30,S,U,1014,Mrs,293,8,Small,2,veryHigh
1134,-1,1,male,1,1,134,C,E,41,Mr,157,8,Small,5,superhigh
1135,-1,3,male,0,0,7,S,U,1014,Mr,623,5,Alone,1,low
1136,-1,3,male,1,2,23,S,U,1014,Master,623,6,Small,4,veryHigh
1137,-1,1,male,1,0,51,S,D,46,Mr,623,8,Small,2,superhigh
1138,-1,2,female,0,0,21,S,U,1014,Mrs,293,2,Alone,2,high
1139,-1,2,male,1,1,32,S,U,1014,Mr,623,8,Small,3,veryHigh
1140,-1,2,female,1,0,26,S,U,1014,Mrs,293,5,Small,2,veryHigh
1141,-1,3,female,1,0,14,C,U,1014,Mrs,113,7,Small,2,high
1142,-1,2,female,1,2,27,S,U,1014,Miss,293,0,Small,4,veryHigh
1143,-1,3,male,0,0,7,S,U,1014,Mr,623,2,Alone,1,low
1144,-1,1,male,1,0,136,C,C,94,Mr,157,4,Small,2,superhigh
1145,-1,3,male,0,0,9,S,U,1014,Mr,623,3,Alone,1,medium
1146,-1,3,male,0,0,9,S,U,1014,Mr,623,6,Alone,1,medium
1147,-1,3,male,0,0,7,S,U,1014,Mr,623,8,Alone,1,low
1148,-1,3,male,0,0,7,Q,U,1014,Mr,63,5,Alone,1,low
1149,-1,3,male,0,0,8,S,U,1014,Mr,623,5,Alone,1,medium
1150,-1,2,female,0,0,13,S,U,1014,Miss,293,1,Alone,1,high
1151,-1,3,male,0,0,7,S,U,1014,Mr,623,2,Alone,1,low
1152,-1,3,male,1,0,17,S,U,1014,Mr,623,7,Small,2,high
1153,-1,3,male,0,0,7,S,U,1014,Mr,623,2,Alone,1,low
1154,-1,2,female,0,2,23,S,U,1014,Mrs,293,5,Small,3,veryHigh
1155,-1,3,female,1,1,12,S,U,1014,Miss,293,0,Small,2,high
1156,-1,2,male,0,0,12,C,U,1014,Mr,157,5,Alone,1,high
1157,-1,3,male,0,0,7,S,U,1014,Mr,623,6,Alone,1,low
1158,-1,1,male,0,0,0,S,U,1014,Mr,623,4,Alone,1,low
1159,-1,3,male,0,0,7,S,U,1014,Mr,623,5,Alone,1,low
1160,-1,3,female,0,0,8,S,U,1014,Miss,293,7,Alone,1,medium
1161,-1,3,male,0,0,8,S,U,1014,Mr,623,1,Alone,1,medium
1162,-1,1,male,0,0,75,C,C,94,Mr,157,8,Alone,2,superhigh
1163,-1,3,male,0,0,7,Q,U,1014,Mr,63,7,Alone,1,low
1164,-1,1,female,1,0,136,C,C,94,Mrs,113,4,Small,2,superhigh
1165,-1,3,female,1,0,15,Q,U,1014,Miss,60,7,Small,2,high
1166,-1,3,male,0,0,7,C,U,1014,Mr,157,5,Alone,1,low
1167,-1,2,female,1,0,26,S,U,1014,Miss,293,2,Small,2,veryHigh
1168,-1,2,male,0,0,10,S,U,1014,Mr,623,5,Alone,1,medium
1169,-1,2,male,1,0,26,S,U,1014,Mr,623,8,Small,2,veryHigh
1170,-1,2,male,1,0,21,S,U,1014,Mr,623,5,Small,2,high
1171,-1,2,male,0,0,10,S,U,1014,Mr,623,3,Alone,1,medium
1172,-1,3,female,0,0,8,S,U,1014,Miss,293,3,Alone,1,medium
1173,-1,3,male,1,1,13,S,U,1014,Master,623,0,Small,3,high
1174,-1,3,female,0,0,7,Q,U,1014,Miss,60,8,Alone,1,low
1175,-1,3,female,1,1,15,C,U,1014,Miss,113,0,Small,3,high
1176,-1,3,female,1,1,20,S,U,1014,Miss,293,0,Small,3,high
1177,-1,3,male,0,0,7,S,U,1014,Mr,623,7,Alone,1,low
1178,-1,3,male,0,0,7,S,U,1014,Mr,623,3,Alone,1,low
1179,-1,1,male,1,0,82,S,B,65,Mr,623,3,Small,2,superhigh
1180,-1,3,male,0,0,7,C,F,21,Mr,157,7,Alone,1,low
1181,-1,3,male,0,0,8,S,U,1014,Mr,623,5,Alone,1,medium
1182,-1,1,male,0,0,39,S,U,1014,Mr,623,5,Alone,1,veryHigh
1183,-1,3,female,0,0,6,Q,U,1014,Miss,60,5,Alone,1,low
1184,-1,3,male,0,0,7,C,U,1014,Mr,157,5,Alone,1,low
1185,-1,1,male,1,1,81,S,A,22,Rare,623,9,Small,3,superhigh
1186,-1,3,male,0,0,9,S,U,1014,Mr,623,7,Alone,1,medium
1187,-1,3,male,0,0,7,S,U,1014,Mr,623,4,Alone,1,low
1188,-1,2,female,1,2,41,C,U,1014,Miss,113,0,Small,4,veryHigh
1189,-1,3,male,2,0,21,C,U,1014,Mr,157,2,Small,3,high
1190,-1,1,male,0,0,45,S,U,1014,Mr,623,5,Alone,1,superhigh
1191,-1,3,male,0,0,7,S,U,1014,Mr,623,5,Alone,1,low
1192,-1,3,male,0,0,7,S,U,1014,Mr,623,6,Alone,1,low
1193,-1,2,male,0,0,15,C,D,46,Mr,157,5,Alone,1,high
1194,-1,2,male,0,1,21,S,U,1014,Mr,623,8,Small,2,high
1195,-1,3,male,0,0,8,S,U,1014,Mr,623,3,Alone,1,medium
1196,-1,3,female,0,0,7,Q,U,1014,Miss,60,6,Alone,1,low
1197,-1,1,female,1,1,26,S,B,65,Mrs,293,9,Small,1,veryHigh
1198,-1,1,male,1,2,151,S,C,94,Mr,623,5,Small,6,superhigh
1199,-1,3,male,0,1,9,S,U,1014,Master,623,0,Small,2,medium
1200,-1,1,male,1,1,93,S,B,65,Mr,623,9,Small,4,superhigh
1201,-1,3,female,1,0,14,S,U,1014,Mrs,293,8,Small,2,high
1202,-1,3,male,0,0,8,S,U,1014,Mr,623,1,Alone,1,medium
1203,-1,3,male,0,0,7,C,U,1014,Mr,157,3,Alone,1,low
1204,-1,3,male,0,0,7,S,U,1014,Mr,623,8,Alone,1,low
1205,-1,3,female,0,0,7,Q,U,1014,Miss,60,7,Alone,1,low
1206,-1,1,female,0,0,135,C,C,94,Mrs,113,9,Alone,4,superhigh
1207,-1,3,female,0,0,7,Q,U,1014,Miss,60,1,Alone,1,low
1208,-1,1,male,1,0,146,C,B,65,Mr,157,9,Small,3,superhigh
1209,-1,2,male,0,0,10,S,U,1014,Mr,623,1,Alone,1,medium
1210,-1,3,male,0,0,7,S,U,1014,Mr,623,4,Alone,1,low
1211,-1,2,male,2,0,31,S,U,1014,Mr,623,3,Small,3,veryHigh
1212,-1,3,male,0,0,7,S,U,1014,Mr,623,4,Alone,1,low
1213,-1,3,male,0,0,7,C,F,21,Mr,157,4,Alone,1,low
1214,-1,2,male,0,0,13,S,F,21,Mr,623,4,Alone,1,high
1215,-1,1,male,0,0,26,S,U,1014,Mr,623,6,Alone,1,veryHigh
1216,-1,1,female,0,0,211,S,U,1014,Miss,293,7,Alone,4,superhigh
1217,-1,3,male,0,0,7,S,U,1014,Mr,623,3,Alone,1,low
1218,-1,2,female,2,1,39,S,F,21,Miss,293,0,Small,4,veryHigh
1219,-1,1,male,0,0,79,C,U,1014,Mr,157,8,Alone,2,superhigh
1220,-1,2,male,1,0,26,S,U,1014,Mr,623,5,Small,2,veryHigh
1221,-1,2,male,0,0,13,S,U,1014,Mr,623,2,Alone,1,high
1222,-1,2,female,0,2,36,S,U,1014,Mrs,293,9,Small,4,veryHigh
1223,-1,1,male,0,0,29,C,A,22,Mr,157,7,Alone,1,veryHigh
1224,-1,3,male,0,0,7,C,U,1014,Mr,157,4,Alone,1,low
1225,-1,3,female,1,1,15,C,U,1014,Mrs,113,2,Small,3,high
1226,-1,3,male,0,0,7,S,U,1014,Mr,623,4,Alone,1,low
1227,-1,1,male,0,0,26,S,C,94,Mr,623,5,Alone,1,veryHigh
1228,-1,2,male,0,0,13,S,U,1014,Mr,623,6,Alone,1,high
1229,-1,3,male,0,2,7,C,U,1014,Mr,157,7,Small,1,low
1230,-1,2,male,0,0,31,S,U,1014,Mr,623,4,Alone,3,veryHigh
1231,-1,3,male,0,0,7,C,U,1014,Master,157,6,Alone,1,low
1232,-1,2,male,0,0,10,S,U,1014,Mr,623,1,Alone,1,medium
1233,-1,3,male,0,0,7,S,U,1014,Mr,623,6,Alone,1,low
1234,-1,3,male,1,9,69,S,U,1014,Mr,623,7,Large,11,superhigh
1235,-1,1,female,0,1,512,C,B,65,Mrs,113,9,Small,4,superhigh
1236,-1,3,male,1,1,14,S,U,1014,Master,623,2,Small,3,high
1237,-1,3,female,0,0,7,S,U,1014,Miss,293,1,Alone,1,low
1238,-1,2,male,0,0,13,S,U,1014,Mr,623,4,Alone,1,high
1239,-1,3,female,0,0,7,C,U,1014,Mrs,113,7,Alone,1,low
1240,-1,2,male,0,0,13,S,U,1014,Mr,623,3,Alone,1,high
1241,-1,2,female,0,0,21,S,U,1014,Miss,293,5,Alone,2,high
1242,-1,1,female,0,1,63,C,D,46,Mrs,113,8,Small,2,superhigh
1243,-1,2,male,0,0,10,S,U,1014,Mr,623,4,Alone,1,medium
1244,-1,2,male,0,0,73,S,U,1014,Mr,623,1,Alone,7,superhigh
1245,-1,2,male,1,2,65,S,U,1014,Mr,623,9,Small,5,superhigh
1246,-1,3,female,1,2,20,S,U,1014,Miss,293,0,Small,4,high
1247,-1,1,male,0,0,26,S,E,41,Mr,623,9,Alone,1,veryHigh
1248,-1,1,female,2,0,51,S,C,94,Mrs,293,9,Small,2,superhigh
1249,-1,3,male,0,0,7,S,U,1014,Mr,623,8,Alone,1,low
1250,-1,3,male,0,0,7,Q,U,1014,Mr,63,2,Alone,1,low
1251,-1,3,female,1,0,15,S,U,1014,Mrs,293,5,Small,2,high
1252,-1,3,male,8,2,69,S,U,1014,Master,623,0,Large,11,superhigh
1253,-1,2,female,1,1,37,C,U,1014,Mrs,113,3,Small,3,veryHigh
1254,-1,2,female,0,0,21,S,U,1014,Mrs,293,5,Alone,2,high
1255,-1,3,male,0,0,8,S,U,1014,Mr,623,4,Alone,1,medium
1256,-1,1,female,1,0,55,C,E,41,Mrs,113,4,Small,2,superhigh
1257,-1,3,female,1,9,69,S,U,1014,Mrs,293,8,Large,11,superhigh
1258,-1,3,male,1,0,14,C,U,1014,Mr,157,5,Small,2,high
1259,-1,3,female,0,0,39,S,U,1014,Miss,293,3,Alone,7,veryHigh
1260,-1,1,female,0,1,59,C,U,1014,Mrs,113,8,Small,2,superhigh
1261,-1,2,male,0,0,13,C,U,1014,Mr,157,5,Alone,1,high
1262,-1,2,male,1,0,11,S,U,1014,Mr,623,2,Small,1,high
1263,-1,1,female,0,0,134,C,E,41,Miss,113,6,Alone,5,superhigh
1264,-1,1,male,0,0,0,S,B,65,Mr,623,9,Alone,2,low
1265,-1,2,male,0,0,13,S,U,1014,Mr,623,8,Alone,1,high
1266,-1,1,female,1,1,81,S,A,22,Mrs,293,9,Small,3,superhigh
1267,-1,1,female,0,0,262,C,U,1014,Miss,113,8,Alone,7,superhigh
1268,-1,3,female,2,0,8,S,U,1014,Miss,293,3,Small,1,medium
1269,-1,2,male,0,0,11,S,U,1014,Mr,623,2,Alone,1,high
1270,-1,1,male,0,0,50,S,C,94,Mr,623,9,Alone,1,superhigh
1271,-1,3,male,4,2,31,S,U,1014,Master,623,0,Large,7,veryHigh
1272,-1,3,male,0,0,7,Q,U,1014,Mr,63,4,Alone,1,low
1273,-1,3,male,0,0,7,Q,U,1014,Mr,63,4,Alone,1,low
1274,-1,3,female,0,0,14,S,U,1014,Mrs,293,1,Alone,2,high
1275,-1,3,female,1,0,16,S,U,1014,Mrs,293,2,Small,2,high
1276,-1,2,male,0,0,12,S,U,1014,Mr,623,7,Alone,1,high
1277,-1,2,female,1,2,65,S,U,1014,Miss,293,3,Small,5,superhigh
1278,-1,3,male,0,0,7,S,U,1014,Mr,623,3,Alone,1,low
1279,-1,2,male,0,0,13,S,U,1014,Mr,623,9,Alone,1,high
1280,-1,3,male,0,0,7,Q,U,1014,Mr,63,2,Alone,1,low
1281,-1,3,male,3,1,21,S,U,1014,Master,623,0,Medium,5,high
1282,-1,1,male,0,0,93,S,B,65,Mr,623,3,Alone,4,superhigh
1283,-1,1,female,0,1,39,S,D,46,Mrs,293,9,Small,2,veryHigh
1284,-1,3,male,0,2,20,S,U,1014,Master,623,0,Small,3,high
1285,-1,2,male,0,0,10,S,U,1014,Mr,623,8,Alone,1,medium
1286,-1,3,male,3,1,22,S,U,1014,Mr,623,5,Medium,3,veryHigh
1287,-1,1,female,1,0,60,S,C,94,Mrs,293,1,Small,2,superhigh
1288,-1,3,male,0,0,7,Q,U,1014,Mr,63,3,Alone,1,low
1289,-1,1,female,1,1,79,C,B,65,Mrs,113,9,Small,2,superhigh
1290,-1,3,male,0,0,7,S,U,1014,Mr,623,3,Alone,1,low
1291,-1,3,male,0,0,7,Q,U,1014,Mr,63,6,Alone,1,low
1292,-1,1,female,0,0,164,S,C,94,Miss,293,5,Alone,4,superhigh
1293,-1,2,male,1,0,21,S,U,1014,Mr,623,7,Small,2,high
1294,-1,1,female,0,1,59,C,U,1014,Miss,113,3,Small,2,superhigh
1295,-1,1,male,0,0,47,S,U,1014,Mr,623,1,Alone,2,superhigh
1296,-1,1,male,1,0,27,C,D,46,Mr,157,8,Small,1,veryHigh
1297,-1,2,male,0,0,13,C,D,46,Mr,157,2,Alone,1,high
1298,-1,2,male,1,0,10,S,U,1014,Mr,623,3,Small,1,medium
1299,-1,1,male,1,1,211,C,C,94,Mr,157,9,Small,5,superhigh
1300,-1,3,female,0,0,7,Q,U,1014,Miss,60,4,Alone,1,low
1301,-1,3,female,1,1,13,S,U,1014,Miss,293,0,Small,3,high
1302,-1,3,female,0,0,7,Q,U,1014,Miss,60,8,Alone,1,low
1303,-1,1,female,1,0,90,Q,C,94,Mrs,60,7,Small,3,superhigh
1304,-1,3,female,0,0,7,S,U,1014,Miss,293,5,Alone,1,low
1305,-1,3,male,0,0,8,S,U,1014,Mr,623,6,Alone,1,medium
1306,-1,1,female,0,0,108,C,C,94,Rare,113,7,Alone,3,superhigh
1307,-1,3,male,0,0,7,S,U,1014,Mr,623,7,Alone,1,low
1308,-1,3,male,0,0,8,S,U,1014,Mr,623,4,Alone,1,medium
1309,-1,3,male,1,1,22,C,U,1014,Master,157,2,Small,3,veryHigh
